BIN码,银行缩写,银行名称,卡类型,卡号长度,数据来源
103,ABC,中国农业银行,借记卡,19,LocalDB
18572,KMRCU,昆明农村信用联合社,借记卡,18,LocalDB
303,CEB,中国光大银行,借记卡,16,LocalDB
356390,CITIC,中信银行,信用卡,16,LocalDB
356391,CITIC,中信银行,信用卡,16,LocalDB
356392,CITIC,中信银行,信用卡,16,LocalDB
356827,SHBANK,上海银行,信用卡,16,LocalDB
356828,SHBANK,上海银行,信用卡,16,LocalDB
356829,SHBANK,上海银行,信用卡,16,LocalDB
356830,SHBANK,上海银行,信用卡,16,LocalDB
356837,CEB,中国光大银行,信用卡,16,LocalDB
356838,CEB,中国光大银行,信用卡,16,LocalDB
356839,CEB,中国光大银行,信用卡,16,LocalDB
356840,CEB,中国光大银行,信用卡,16,LocalDB
356841,CEB,中国光大银行,信用卡,16,LocalDB
356850,SPDB,上海浦东发展银行,信用卡,16,LocalDB
356851,SPDB,上海浦东发展银行,信用卡,16,LocalDB
356852,SPDB,上海浦东发展银行,信用卡,16,LocalDB
356856,CMBC,中国民生银行,信用卡,16,LocalDB
356857,CMBC,中国民生银行,信用卡,16,LocalDB
356858,CMBC,中国民生银行,信用卡,16,LocalDB
356859,CMBC,中国民生银行,信用卡,16,LocalDB
356868,SPABANK,平安银行,信用卡,16,LocalDB
356869,SPABANK,平安银行,信用卡,16,LocalDB
356885,CMB,招商银行,信用卡,16,LocalDB
356886,CMB,招商银行,信用卡,16,LocalDB
356887,CMB,招商银行,信用卡,16,LocalDB
356888,CMB,招商银行,信用卡,16,LocalDB
356889,CMB,招商银行,信用卡,16,LocalDB
356890,CMB,招商银行,信用卡,16,LocalDB
370247,ICBC,中国工商银行,信用卡,15,LocalDB
376966,CITIC,中信银行,信用卡,15,LocalDB
376968,CITIC,中信银行,信用卡,15,LocalDB
376969,CITIC,中信银行,信用卡,15,LocalDB
400360,CITIC,中信银行,信用卡,16,LocalDB
402673,SHBANK,上海银行,信用卡,16,LocalDB
402674,SHBANK,上海银行,信用卡,16,LocalDB
403361,ABC,中国农业银行,信用卡,16,LocalDB
403391,CITIC,中信银行,信用卡,16,LocalDB
403392,CITIC,中信银行,信用卡,16,LocalDB
403393,CITIC,中信银行,信用卡,16,LocalDB
404117,ABC,中国农业银行,信用卡,16,LocalDB
404118,ABC,中国农业银行,信用卡,16,LocalDB
404119,ABC,中国农业银行,信用卡,16,LocalDB
404120,ABC,中国农业银行,信用卡,16,LocalDB
404121,ABC,中国农业银行,信用卡,16,LocalDB
404157,CITIC,中信银行,信用卡,16,LocalDB
404158,CITIC,中信银行,信用卡,16,LocalDB
404159,CITIC,中信银行,信用卡,16,LocalDB
404171,CITIC,中信银行,信用卡,16,LocalDB
404172,CITIC,中信银行,信用卡,16,LocalDB
404173,CITIC,中信银行,信用卡,16,LocalDB
404174,CITIC,中信银行,信用卡,16,LocalDB
404738,SPDB,上海浦东发展银行,信用卡,16,LocalDB
404739,SPDB,上海浦东发展银行,信用卡,16,LocalDB
405512,COMM,交通银行,借记卡,17,LocalDB
406252,CEB,中国光大银行,信用卡,16,LocalDB
406254,CEB,中国光大银行,信用卡,16,LocalDB
406365,GDB,广东发展银行,信用卡,16,LocalDB
406366,GDB,广东发展银行,信用卡,16,LocalDB
407405,CMBC,中国民生银行,信用卡,16,LocalDB
409666,BOC,中国银行,信用卡,16,LocalDB
410062,CMB,招商银行,借记卡,16,LocalDB
412962,SPABANK,平安银行,借记卡,16,LocalDB
412963,SPABANK,平安银行,借记卡,16,LocalDB
415599,CMBC,中国民生银行,借记卡,16,LocalDB
415752,SPABANK,平安银行,借记卡,16,LocalDB
415753,SPABANK,平安银行,借记卡,16,LocalDB
421317,BJBANK,北京银行,借记卡,16,LocalDB
421349,CCB,中国建设银行,借记卡,16,LocalDB
421393,CMBC,中国民生银行,借记卡,16,LocalDB
421865,CMBC,中国民生银行,借记卡,16,LocalDB
421869,CMBC,中国民生银行,信用卡,16,LocalDB
421870,CMBC,中国民生银行,信用卡,16,LocalDB
421871,CMBC,中国民生银行,信用卡,16,LocalDB
422160,BJBANK,北京银行,借记卡,16,LocalDB
422161,BJBANK,北京银行,借记卡,16,LocalDB
425862,CEB,中国光大银行,信用卡,16,LocalDB
427020,ICBC,中国工商银行,信用卡,16,LocalDB
427030,ICBC,中国工商银行,信用卡,16,LocalDB
427570,CMBC,中国民生银行,借记卡,16,LocalDB
427571,CMBC,中国民生银行,借记卡,16,LocalDB
428911,GDB,广东发展银行,信用卡,16,LocalDB
433666,CITIC,中信银行,信用卡,16,LocalDB
433667,CITIC,中信银行,信用卡,16,LocalDB
433668,CITIC,中信银行,信用卡,16,LocalDB
433669,CITIC,中信银行,信用卡,16,LocalDB
433670,CITIC,中信银行,借记卡,16,LocalDB
433671,CITIC,中信银行,借记卡,16,LocalDB
433680,CITIC,中信银行,借记卡,16,LocalDB
434061,CCB,中国建设银行,借记卡,16,LocalDB
434062,CCB,中国建设银行,借记卡,16,LocalDB
435744,SPABANK,平安银行,信用卡,16,LocalDB
435745,SPABANK,平安银行,信用卡,16,LocalDB
436742,CCB,中国建设银行,借记卡,19,LocalDB
436745,CCB,中国建设银行,信用卡,16,LocalDB
436748,CCB,中国建设银行,信用卡,16,LocalDB
436768,GDB,广东发展银行,信用卡,16,LocalDB
436769,GDB,广东发展银行,信用卡,16,LocalDB
436770,GDB,广东发展银行,信用卡,16,LocalDB
436771,GDB,广东发展银行,信用卡,16,LocalDB
438088,BOC,中国银行,信用卡,16,LocalDB
438588,CIB,兴业银行,借记卡,18,LocalDB
438589,CIB,兴业银行,借记卡,18,LocalDB
438600,SHBANK,上海银行,借记卡,16,LocalDB
439188,CMB,招商银行,信用卡,16,LocalDB
439225,CMB,招商银行,信用卡,16,LocalDB
439226,CMB,招商银行,信用卡,16,LocalDB
439227,CMB,招商银行,信用卡,16,LocalDB
442729,CITIC,中信银行,借记卡,16,LocalDB
442730,CITIC,中信银行,借记卡,16,LocalDB
451289,CIB,兴业银行,信用卡,16,LocalDB
451290,CIB,兴业银行,信用卡,16,LocalDB
451810,ICBC,中国工商银行,信用卡,16,LocalDB
451811,ICBC,中国工商银行,信用卡,16,LocalDB
453242,CCB,中国建设银行,借记卡,16,LocalDB
456351,BOC,中国银行,借记卡,19,LocalDB
456418,SPDB,上海浦东发展银行,信用卡,16,LocalDB
45806,ICBC,中国工商银行,信用卡,16,LocalDB
458123,COMM,交通银行,信用卡,16,LocalDB
458124,COMM,交通银行,信用卡,16,LocalDB
461982,CIB,兴业银行,信用卡,16,LocalDB
463758,ABC,中国农业银行,信用卡,16,LocalDB
464580,CMBC,中国民生银行,信用卡,16,LocalDB
464581,CMBC,中国民生银行,信用卡,16,LocalDB
468203,CMB,招商银行,借记卡,16,LocalDB
472067,CMBC,中国民生银行,借记卡,16,LocalDB
472068,CMBC,中国民生银行,借记卡,16,LocalDB
479229,CMB,招商银行,信用卡,16,LocalDB
481699,CEB,中国光大银行,信用卡,16,LocalDB
483536,SPABANK,平安银行,信用卡,16,LocalDB
486466,SHBANK,上海银行,信用卡,16,LocalDB
486493,CIB,兴业银行,信用卡,16,LocalDB
486494,CIB,兴业银行,信用卡,16,LocalDB
486495,SCBHK,渣打银行（香港）,信用卡,16,LocalDB
486497,CEB,中国光大银行,信用卡,16,LocalDB
486861,CIB,兴业银行,信用卡,16,LocalDB
487013,GDB,广东发展银行,信用卡,16,LocalDB
489592,CCB,中国建设银行,信用卡,16,LocalDB
49102,ABC,中国农业银行,准贷记卡,16,LocalDB
491031,CCB,中国建设银行,借记卡,16,LocalDB
491032,GDB,广东发展银行,信用卡,16,LocalDB
491033,GDB,广东发展银行,信用卡,16,LocalDB
491034,GDB,广东发展银行,信用卡,16,LocalDB
491035,GDB,广东发展银行,信用卡,16,LocalDB
491036,GDB,广东发展银行,信用卡,16,LocalDB
491037,GDB,广东发展银行,信用卡,16,LocalDB
491038,GDB,广东发展银行,信用卡,16,LocalDB
493427,GDB,广东发展银行,信用卡,16,LocalDB
498451,SPDB,上海浦东发展银行,信用卡,16,LocalDB
504923,JSBANK,江苏银行,借记卡,16,LocalDB
512425,CMB,招商银行,借记卡,16,LocalDB
512431,NBBANK,宁波银行,信用卡,16,LocalDB
512466,CMBC,中国民生银行,信用卡,16,LocalDB
514027,ABC,中国农业银行,信用卡,16,LocalDB
514906,CITIC,中信银行,信用卡,16,LocalDB
515672,SPDB,上海浦东发展银行,信用卡,16,LocalDB
517636,CMBC,中国民生银行,信用卡,16,LocalDB
517650,SPDB,上海浦东发展银行,信用卡,16,LocalDB
518212,CITIC,中信银行,信用卡,16,LocalDB
518364,GDB,广东发展银行,信用卡,16,LocalDB
518476,BOC,中国银行,信用卡,16,LocalDB
518710,CMB,招商银行,信用卡,16,LocalDB
518718,CMB,招商银行,信用卡,16,LocalDB
518905,PSBC,中国邮政储蓄银行,信用卡,16,LocalDB
519412,ABC,中国农业银行,信用卡,16,LocalDB
519413,ABC,中国农业银行,信用卡,16,LocalDB
519498,SHBANK,上海银行,信用卡,16,LocalDB
520082,ABC,中国农业银行,信用卡,16,LocalDB
520083,ABC,中国农业银行,信用卡,16,LocalDB
520108,CITIC,中信银行,信用卡,16,LocalDB
520131,SHBANK,上海银行,信用卡,16,LocalDB
520152,GDB,广东发展银行,信用卡,16,LocalDB
520169,COMM,交通银行,信用卡,16,LocalDB
520194,NBBANK,宁波银行,信用卡,16,LocalDB
520382,GDB,广东发展银行,信用卡,16,LocalDB
521302,CMB,招商银行,信用卡,16,LocalDB
521899,COMM,交通银行,信用卡,16,LocalDB
522001,BJBANK,北京银行,信用卡,16,LocalDB
523036,CIB,兴业银行,信用卡,16,LocalDB
523952,CMBC,中国民生银行,信用卡,16,LocalDB
523959,HXBANK,华夏银行,信用卡,16,LocalDB
524011,CMB,招商银行,借记卡,16,LocalDB
524031,SHBANK,上海银行,信用卡,16,LocalDB
524047,ICBC,中国工商银行,信用卡,16,LocalDB
524070,CIB,兴业银行,信用卡,16,LocalDB
524090,CEB,中国光大银行,信用卡,16,LocalDB
524091,ICBC,中国工商银行,信用卡,16,LocalDB
524094,CCB,中国建设银行,借记卡,16,LocalDB
525746,BOC,中国银行,信用卡,16,LocalDB
525998,SPDB,上海浦东发展银行,信用卡,16,LocalDB
526410,CCB,中国建设银行,借记卡,16,LocalDB
526855,SPABANK,平安银行,信用卡,16,LocalDB
527414,CIB,兴业银行,信用卡,16,LocalDB
528020,SPABANK,平安银行,信用卡,16,LocalDB
528057,CIB,兴业银行,信用卡,16,LocalDB
528708,HXBANK,华夏银行,信用卡,16,LocalDB
528709,HXBANK,华夏银行,信用卡,16,LocalDB
528856,ICBC,中国工商银行,信用卡,16,LocalDB
528931,GDB,广东发展银行,信用卡,16,LocalDB
528948,CMBC,中国民生银行,信用卡,16,LocalDB
530970,ICBC,中国工商银行,信用卡,16,LocalDB
530984,ICBC,中国工商银行,信用卡,16,LocalDB
530985,ICBC,中国工商银行,信用卡,16,LocalDB
530986,ICBC,中国工商银行,信用卡,16,LocalDB
530987,ICBC,中国工商银行,信用卡,16,LocalDB
530988,ICBC,中国工商银行,信用卡,16,LocalDB
530989,ICBC,中国工商银行,信用卡,16,LocalDB
530990,ICBC,中国工商银行,信用卡,16,LocalDB
531659,SPABANK,平安银行,信用卡,16,LocalDB
531693,CCB,中国建设银行,信用卡,16,LocalDB
532421,CCB,中国建设银行,借记卡,16,LocalDB
532422,CCB,中国建设银行,借记卡,16,LocalDB
532423,CCB,中国建设银行,借记卡,16,LocalDB
532424,CCB,中国建设银行,借记卡,16,LocalDB
532425,CCB,中国建设银行,借记卡,16,LocalDB
532426,CCB,中国建设银行,借记卡,16,LocalDB
532427,CCB,中国建设银行,借记卡,16,LocalDB
532428,CCB,中国建设银行,借记卡,16,LocalDB
532429,CCB,中国建设银行,借记卡,16,LocalDB
532458,CCB,中国建设银行,信用卡,16,LocalDB
53591,ABC,中国农业银行,准贷记卡,16,LocalDB
539867,HXBANK,华夏银行,信用卡,16,LocalDB
539868,HXBANK,华夏银行,信用卡,16,LocalDB
541709,GDB,广东发展银行,信用卡,16,LocalDB
541710,GDB,广东发展银行,信用卡,16,LocalDB
543159,CEB,中国光大银行,信用卡,16,LocalDB
545217,CMBC,中国民生银行,信用卡,16,LocalDB
545392,CMBC,中国民生银行,信用卡,16,LocalDB
545393,CMBC,中国民生银行,信用卡,16,LocalDB
545431,CMBC,中国民生银行,信用卡,16,LocalDB
545447,CMBC,中国民生银行,信用卡,16,LocalDB
545619,CMB,招商银行,信用卡,16,LocalDB
545620,CMB,招商银行,信用卡,16,LocalDB
545621,CMB,招商银行,信用卡,16,LocalDB
545623,CMB,招商银行,信用卡,16,LocalDB
545947,CMB,招商银行,信用卡,16,LocalDB
545948,CMB,招商银行,信用卡,16,LocalDB
548478,ABC,中国农业银行,信用卡,16,LocalDB
548738,CIB,兴业银行,信用卡,16,LocalDB
548838,SHBANK,上海银行,信用卡,16,LocalDB
548844,GDB,广东发展银行,信用卡,16,LocalDB
549633,CIB,兴业银行,信用卡,16,LocalDB
550213,ICBC,中国工商银行,信用卡,16,LocalDB
552245,CCB,中国建设银行,借记卡,16,LocalDB
552288,CMBC,中国民生银行,信用卡,16,LocalDB
552398,CIB,兴业银行,信用卡,16,LocalDB
552534,CMB,招商银行,信用卡,16,LocalDB
552580,DSBHK,大新银行（香港）,信用卡,16,LocalDB
552587,CMB,招商银行,信用卡,16,LocalDB
552599,ABC,中国农业银行,信用卡,16,LocalDB
552794,GDB,广东发展银行,信用卡,16,LocalDB
553161,CMBC,中国民生银行,信用卡,16,LocalDB
556610,CMBC,中国民生银行,信用卡,16,LocalDB
556617,CITIC,中信银行,信用卡,16,LocalDB
557928,PSBC,中国邮政储蓄银行,信用卡,16,LocalDB
558730,ABC,中国农业银行,信用卡,16,LocalDB
558894,GDB,广东发展银行,信用卡,16,LocalDB
558916,CITIC,中信银行,信用卡,16,LocalDB
566666,SJBANK,盛京银行,借记卡,16,LocalDB
601382,BOC,中国银行,借记卡,19,LocalDB
601427,ABC,中国农业银行,借记卡,19,LocalDB
601428,COMM,交通银行,借记卡,17,LocalDB
602907,SPABANK,平安银行,借记卡,16,LocalDB
602969,BJBANK,北京银行,借记卡,16,LocalDB
603265,JSBANK,江苏银行,借记卡,16,LocalDB
60326500,WXCCB,无锡市商业银行,借记卡,16,LocalDB
603367,HZCB,杭州银行,借记卡,18,LocalDB
603445,GCB,广州银行,借记卡,19,LocalDB
603506,JSBANK,江苏银行,借记卡,19,LocalDB
603601,HSBANK,徽商银行,借记卡,17,LocalDB
603602,SXCB,绍兴银行,借记卡,18,LocalDB
603694,CSRCB,常熟农商银行,借记卡,19,LocalDB
609120,TCCB,天津银行,借记卡,18,LocalDB
620010,SPABANK,平安银行,预付卡,16,LocalDB
620013,COMM,交通银行,借记卡,16,LocalDB
620019,BOC,中国银行,预付卡,16,LocalDB
620021,COMM,交通银行,预付卡,19,LocalDB
620040,BOC,中国银行,预付卡,19,LocalDB
620043,FJHXBC,福建海峡银行,借记卡,18,LocalDB
620048,BOC,中国银行,借记卡,16,LocalDB
620058,ICBC,中国工商银行,借记卡,19,LocalDB
620059,ABC,中国农业银行,借记卡,19,LocalDB
620060,CCB,中国建设银行,借记卡,19,LocalDB
620061,BOC,中国银行,借记卡,19,LocalDB
620062,PSBC,中国邮政储蓄银行,借记卡,19,LocalDB
620070,CYS,中国银盛,借记卡,16,LocalDB
620082,CITIC,中信银行,借记卡,16,LocalDB
620085,CEB,中国光大银行,借记卡,16,LocalDB
620088,BJRCB,北京农村商业银行,借记卡,19,LocalDB
620500,NBYZ,鄞州银行,借记卡,16,LocalDB
620501,ABC,中国农业银行,借记卡,19,LocalDB
620515,CEP,中银通商务支付有限公司,预付卡,16,LocalDB
620517,MTBANK,浙江民泰商业银行,借记卡,19,LocalDB
620518,CEB,中国光大银行,借记卡,16,LocalDB
620519,CSCB,长沙银行,借记卡,19,LocalDB
620522,SHBANK,上海银行,借记卡,18,LocalDB
620527,CITIC,中信银行,借记卡,19,LocalDB
620528,XTB,邢台银行,借记卡,19,LocalDB
620530,SPDB,上海浦东发展银行,借记卡,19,LocalDB
621004,DYCCB,东营市商业银行,借记卡,18,LocalDB
621005,SHBANK,上海银行,借记卡,18,LocalDB
621008,XJRCU,新疆农村信用社,借记卡,16,LocalDB
621010,PLCCB,平凉市商业银行,借记卡,16,LocalDB
621013,HURCB,湖北省农村信用社,借记卡,16,LocalDB
621014,SRBANK,上饶银行,借记卡,16,LocalDB
621015,DBSCN,星展银行,借记卡,19,LocalDB
621016,DBS,星展银行,借记卡,19,LocalDB
621017,YNRCC,云南省农村信用社,借记卡,19,LocalDB
621018,GDRCC,广东省农村信用社联合社,借记卡,19,LocalDB
621019,CZBANK,浙商银行,借记卡,19,LocalDB
621021,HBRCU,河北省农村信用社,借记卡,19,LocalDB
621024,NBYZ,鄞州银行,借记卡,16,LocalDB
621026,LNRCC,辽宁省农村信用社,借记卡,19,LocalDB
621028,CZCB,浙江稠州商业银行,借记卡,16,LocalDB
621029,KLB,昆仑银行,借记卡,19,LocalDB
621030,BJBANK,北京银行,借记卡,16,LocalDB
621033,SCRCU,四川省农村信用社,借记卡,19,LocalDB
621034,SHBANK,上海银行,借记卡,16,LocalDB
621035,ZYB,中原银行,借记卡,19,LocalDB
621036,BOHN,海南省农村信用社,借记卡,19,LocalDB
621037,DAQINGB,龙江银行,借记卡,19,LocalDB
621038,TLBANK,铁岭银行,借记卡,19,LocalDB
621041,BOC,中国银行,借记卡,19,LocalDB
621042,NCB,江西银行,借记卡,19,LocalDB
621043,CYBC,集友银行,借记卡,19,LocalDB
621044,CAB,宝鸡商行,借记卡,19,LocalDB
621050,SHBANK,上海银行,借记卡,18,LocalDB
621053,FJNX,福建省农村信用社联合社,借记卡,19,LocalDB
621056801,COMM,交通银行,借记卡,19,LocalDB
621056802,COMM,交通银行,借记卡,19,LocalDB
621056803,COMM,交通银行,借记卡,19,LocalDB
621056805,COMM,交通银行,借记卡,19,LocalDB
621057,LSZRCB,凉山州商业银行,借记卡,19,LocalDB
621058,ZJNX,浙江省农村信用社联合社,借记卡,19,LocalDB
621059,JRCB,江苏江阴农村商业银行,借记卡,16,LocalDB
62105900,XHRCB,新会农商银行,借记卡,16,LocalDB
62105901,SLRCB,双流诚民村镇银行,借记卡,16,LocalDB
621060,WOORI,友利银行（中国）,借记卡,19,LocalDB
621061,GSRCU,甘肃省农村信用社,借记卡,19,LocalDB
621062,CITI,花旗银行（中国）,借记卡,16,LocalDB
621063,CITI,花旗银行（中国）,借记卡,16,LocalDB
621064,AEON,AEON银行,借记卡,16,LocalDB
621065,QHRC,青海农村信用社,借记卡,16,LocalDB
621066,BJRCB,北京农村商业银行,借记卡,19,LocalDB
621067,BJRCB,北京农村商业银行,借记卡,19,LocalDB
621068,BJRCB,北京农村商业银行,借记卡,19,LocalDB
621069,COMM,交通银行,借记卡,19,LocalDB
621070,ZGCCB,自贡市商业银行,借记卡,19,LocalDB
621071,BOP,平顶山银行,借记卡,19,LocalDB
621072,BOSH,新韩银行（中国）,借记卡,19,LocalDB
621073,TJBHB,天津滨海农村商业银行,借记卡,19,LocalDB
621074,BOCY,朝阳银行,借记卡,19,LocalDB
621075,ZYB,中原银行,借记卡,19,LocalDB
621076,JSBANK,江苏银行,借记卡,19,LocalDB
621077,OCBC,华侨银行（中国）,借记卡,16,LocalDB
621080,CCB,中国建设银行,借记卡,16,LocalDB
621081,CCB,中国建设银行,借记卡,19,LocalDB
621082,CCB,中国建设银行,借记卡,16,LocalDB
621083,CCB,中国建设银行,借记卡,16,LocalDB
621084,CCB,中国建设银行,借记卡,16,LocalDB
621086,LSCCB,乐山市商业银行,借记卡,19,LocalDB
621087,CHB,创兴银行有限公司,借记卡,19,LocalDB
621088,MTBANK,浙江民泰商业银行,借记卡,19,LocalDB
621089,PZBANK,盘锦市商业银行,借记卡,19,LocalDB
621090,SNCCB,遂宁市商业银行,借记卡,19,LocalDB
621091,BDCBANK,保定银行,借记卡,19,LocalDB
621092001,URB,联合村镇银行,借记卡,19,LocalDB
621092002,URB,联合村镇银行,借记卡,19,LocalDB
621092003,URB,联合村镇银行,借记卡,19,LocalDB
621092004,URB,联合村镇银行,借记卡,19,LocalDB
621092005,URB,联合村镇银行,借记卡,19,LocalDB
621092006,URB,联合村镇银行,借记卡,19,LocalDB
621092007,URB,联合村镇银行,借记卡,19,LocalDB
621092008,URB,联合村镇银行,借记卡,19,LocalDB
621092009,URB,联合村镇银行,借记卡,19,LocalDB
621092010,URB,联合村镇银行,借记卡,19,LocalDB
621092011,URB,联合村镇银行,借记卡,19,LocalDB
621092012,URB,联合村镇银行,借记卡,19,LocalDB
62109202,URB,联合村镇银行,借记卡,19,LocalDB
62109203,URB,联合村镇银行,借记卡,19,LocalDB
62109205,URB,联合村镇银行,借记卡,19,LocalDB
62109206,URB,联合村镇银行,借记卡,19,LocalDB
62109207,URB,联合村镇银行,借记卡,19,LocalDB
62109208,URB,联合村镇银行,借记卡,19,LocalDB
62109209,URB,联合村镇银行,借记卡,19,LocalDB
62109210,URB,联合村镇银行,借记卡,19,LocalDB
62109211,URB,联合村镇银行,借记卡,19,LocalDB
62109212,URB,联合村镇银行,借记卡,19,LocalDB
62109213,URB,联合村镇银行,借记卡,19,LocalDB
62109214,URB,联合村镇银行,借记卡,19,LocalDB
62109215,URB,联合村镇银行,借记卡,19,LocalDB
621095,PSBC,中国邮政储蓄银行,借记卡,19,LocalDB
621096,PSBC,中国邮政储蓄银行,借记卡,19,LocalDB
621097,DAQINGB,龙江银行,借记卡,19,LocalDB
621098,PSBC,中国邮政储蓄银行,借记卡,19,LocalDB
621099,SCRCU,四川省农村信用社,借记卡,19,LocalDB
621200,JNBANK,济宁银行,借记卡,19,LocalDB
621201,HANABANK,韩亚银行,借记卡,16,LocalDB
621205,ICBC,中国工商银行,借记卡,18,LocalDB
621206,ICBC,中国工商银行,借记卡,18,LocalDB
621207,ICBC,中国工商银行,借记卡,18,LocalDB
621208,ICBC,中国工商银行,借记卡,18,LocalDB
621209,ICBC,中国工商银行,借记卡,18,LocalDB
621210,ICBC,中国工商银行,借记卡,18,LocalDB
621211,ICBC,中国工商银行,借记卡,18,LocalDB
621213,NCBANK,宁波通商银行,借记卡,19,LocalDB
621216,JSB,晋商银行,借记卡,19,LocalDB
621217,HBC,湖北银行,借记卡,18,LocalDB
621221,ZYB,中原银行,借记卡,19,LocalDB
621222,HXBANK,华夏银行,借记卡,16,LocalDB
621223,JZBANK,晋中市商业银行,借记卡,19,LocalDB
621225,ICBC,中国工商银行,借记卡,19,LocalDB
621226,ICBC,中国工商银行,借记卡,19,LocalDB
621227,ICBC,中国工商银行,借记卡,19,LocalDB
621228,HLJRCU,黑龙江省农村信用社,借记卡,19,LocalDB
621229,ICBC,中国工商银行,借记卡,19,LocalDB
621230,ICBC,中国工商银行,借记卡,19,LocalDB
621232,BNU,大西洋银行,借记卡,19,LocalDB
621233,DZCBANK,达州银行,借记卡,19,LocalDB
621234,CSC,CSC借记卡,借记卡,16,LocalDB
621235,ZYB,中原银行,借记卡,18,LocalDB
621237,QHDBANK,秦皇岛银行,借记卡,19,LocalDB
621238,XTB,邢台银行,借记卡,19,LocalDB
621239,HSBK,衡水银行,借记卡,19,LocalDB
621240,ICBC,中国工商银行,借记卡,19,LocalDB
621241,BOSZ,苏州银行,借记卡,19,LocalDB
621241001,BOSZ,苏州银行,借记卡,19,LocalDB
621241002,BOSZ,苏州银行,借记卡,19,LocalDB
621241003,BOSZ,苏州银行,借记卡,19,LocalDB
621241004,BOSZ,苏州银行,借记卡,19,LocalDB
621242,LZYH,兰州银行,借记卡,19,LocalDB
621244,SJBANK,盛京银行,借记卡,16,LocalDB
621246,NCB,江西银行,借记卡,19,LocalDB
621247,BNU,大西洋银行,借记卡,19,LocalDB
621250001,HSBC,汇丰银行（中国）,借记卡,16,LocalDB
621251,FJNX,福建省农村信用社联合社,借记卡,19,LocalDB
621252,QDCCB,青岛银行,借记卡,16,LocalDB
621253,BCDMMA,澳门商业银行,借记卡,19,LocalDB
621254,BCDMMA,澳门商业银行,借记卡,19,LocalDB
621255,BCDMMA,澳门商业银行,借记卡,19,LocalDB
621256,BOC,中国银行,借记卡,19,LocalDB
621258,CRCBANK,重庆农村商业银行,借记卡,16,LocalDB
621259,NJCB,南京银行,借记卡,16,LocalDB
621260,CSRCB,常熟农商银行,借记卡,19,LocalDB
621260001,XFRCB,咸丰常农商村镇银行,借记卡,19,LocalDB
621260002,ESRCB,恩施农村商业银行,借记卡,19,LocalDB
621260102,CSRCB,常熟农商银行,借记卡,19,LocalDB
621260103,CSRCB,常熟农商银行,借记卡,19,LocalDB
621260104,CSRCB,常熟农商银行,借记卡,19,LocalDB
621260105,CSRCB,常熟农商银行,借记卡,19,LocalDB
621260106,CSRCB,常熟农商银行,借记卡,19,LocalDB
621260107,CSRCB,常熟农商银行,借记卡,19,LocalDB
621260108,CSRCB,常熟农商银行,借记卡,19,LocalDB
621260109,CSRCB,常熟农商银行,借记卡,19,LocalDB
621260110,CSRCB,常熟农商银行,借记卡,19,LocalDB
621260113,CSRCB,常熟农商银行,借记卡,19,LocalDB
621260116,CSRCB,常熟农商银行,借记卡,19,LocalDB
621260117,CSRCB,常熟农商银行,借记卡,19,LocalDB
621260118,CSRCB,常熟农商银行,借记卡,19,LocalDB
621260119,CSRCB,常熟农商银行,借记卡,19,LocalDB
621260120,CSRCB,常熟农商银行,借记卡,19,LocalDB
621260121,CSRCB,常熟农商银行,借记卡,19,LocalDB
621260122,CSRCB,常熟农商银行,借记卡,19,LocalDB
621261,SPABANK,平安银行,信用卡,16,LocalDB
621262,SPABANK,平安银行,信用卡,16,LocalDB
621263,KORLABANK,库尔勒市商业银行,借记卡,18,LocalDB
621265001,JSRCU,江苏省农村信用联合社,借记卡,19,LocalDB
621266,BOCZ,沧州银行,借记卡,19,LocalDB
621267,FJHXBC,福建海峡银行,借记卡,18,LocalDB
621268,BOHAIB,渤海银行,借记卡,16,LocalDB
621269,NCB,江西银行,借记卡,16,LocalDB
621270,HBC,湖北银行,借记卡,18,LocalDB
621271,ZYB,中原银行,借记卡,19,LocalDB
621272,YQCCB,阳泉银行,借记卡,16,LocalDB
621273,YBCCB,宜宾市商业银行,借记卡,19,LocalDB
621275,SPDB,上海浦东发展银行,借记卡,19,LocalDB
621276,CMB,招商银行,借记卡,16,LocalDB
621277,DSBCN,大新银行（中国）,借记卡,16,LocalDB
62127817,HDHMCB,惠东惠民村镇银行,借记卡,18,LocalDB
621278293,GXHMVB,长春高新惠民村镇银行,借记卡,18,LocalDB
62127839,FMBANK,吉林丰满惠民村镇银行,借记卡,18,LocalDB
621279,NBBANK,宁波银行,借记卡,16,LocalDB
621280,SXRCU,山西省农村信用社,借记卡,19,LocalDB
621281,ICBC,中国工商银行,借记卡,19,LocalDB
621282,ABC,中国农业银行,借记卡,19,LocalDB
621283,BOC,中国银行,借记卡,19,LocalDB
621284,CCB,中国建设银行,借记卡,19,LocalDB
621285,PSBC,中国邮政储蓄银行,借记卡,19,LocalDB
621286,CMB,招商银行,借记卡,16,LocalDB
621287,XJRCU,新疆农村信用社,借记卡,16,LocalDB
621288,ICBC,中国工商银行,借记卡,19,LocalDB
621289,NCB,江西银行,借记卡,19,LocalDB
621290,NCBANK,宁波通商银行,借记卡,19,LocalDB
621291,NCB,江西银行,借记卡,19,LocalDB
621292,NCB,江西银行,借记卡,19,LocalDB
621296,CABANK,长安银行,借记卡,19,LocalDB
621298,WHB,永亨银行,借记卡,18,LocalDB
621325,YACCB,雅安市商业银行,借记卡,19,LocalDB
621326763,XLBANK,中山小榄村镇银行,借记卡,18,LocalDB
621327,ZYB,中原银行,借记卡,19,LocalDB
621330,BOC,中国银行,借记卡,19,LocalDB
621331,BOC,中国银行,借记卡,19,LocalDB
621332,BOC,中国银行,借记卡,19,LocalDB
621336,ABC,中国农业银行,借记卡,19,LocalDB
621337,ZYB,中原银行,借记卡,19,LocalDB
621338,MTBANK,浙江民泰商业银行,借记卡,19,LocalDB
621340,LANGFB,廊坊银行,借记卡,16,LocalDB
621341,LANGFB,廊坊银行,借记卡,16,LocalDB
621345,NDHB,宁波东海银行,借记卡,18,LocalDB
621346001,ERB,龙岗鼎业村镇银行,借记卡,19,LocalDB
621346002,WHBANK,乌海银行,借记卡,19,LocalDB
621347001,YZBANK,银座银行,借记卡,16,LocalDB
621347002,YZBANK,银座银行,借记卡,16,LocalDB
621347003,YZBANK,银座银行,借记卡,16,LocalDB
621351,SPDB,上海浦东发展银行,借记卡,16,LocalDB
621352,SPDB,上海浦东发展银行,借记卡,16,LocalDB
621353,XHCZYH,新华村镇银行,借记卡,19,LocalDB
621356,BOCFCB,中银富登村镇银行,借记卡,19,LocalDB
621359,NCB,江西银行,借记卡,18,LocalDB
621361,WHRCB,武汉农村商业银行,借记卡,19,LocalDB
621362,NMGNXS,内蒙古农村信用社,借记卡,19,LocalDB
621363,CZRCB,常州农村信用联社,借记卡,19,LocalDB
621366,HRXJB,华融湘江银行,借记卡,19,LocalDB
621384,QLCZYH,齐鲁村镇银行,借记卡,19,LocalDB
621388,HRXJB,华融湘江银行,借记卡,19,LocalDB
621390,SPDB,上海浦东发展银行,借记卡,16,LocalDB
621392,NYCB,南阳村镇银行,借记卡,18,LocalDB
621412,LZCCB,柳州银行,借记卡,18,LocalDB
621413,ZJKCCB,张家口市商业银行,借记卡,19,LocalDB
621415,FDB,富滇银行,借记卡,19,LocalDB
621416,SRBANK,上饶银行,借记卡,16,LocalDB
621417,NXBANK,宁夏银行,借记卡,19,LocalDB
621418,NBBANK,宁波银行,借记卡,19,LocalDB
621419,QDCCB,青岛银行,借记卡,19,LocalDB
621420,BJBANK,北京银行,借记卡,16,LocalDB
621439,BOD,东莞银行,借记卡,19,LocalDB
621446,CSCB,长沙银行,借记卡,19,LocalDB
621448,CABANK,长安银行,借记卡,19,LocalDB
621449,LNRCC,辽宁省农村信用社,借记卡,19,LocalDB
621452,TCCB,天津银行,借记卡,18,LocalDB
621453,BOHAIB,渤海银行,借记卡,16,LocalDB
621456,GLBANK,桂林银行,借记卡,17,LocalDB
621457,SCRCU,四川省农村信用社,借记卡,19,LocalDB
621458,BOHN,海南省农村信用社,借记卡,19,LocalDB
621459,SCRCU,四川省农村信用社,借记卡,19,LocalDB
621460,ZYCBANK,遵义市商业银行,借记卡,19,LocalDB
621461,BOSZ,苏州银行,借记卡,19,LocalDB
621462,GDB,广东发展银行,借记卡,19,LocalDB
621463,GCB,广州银行,借记卡,19,LocalDB
621465,CRCBANK,重庆农村商业银行,借记卡,16,LocalDB
621466,CCB,中国建设银行,借记卡,16,LocalDB
621467,CCB,中国建设银行,借记卡,19,LocalDB
621468,BJBANK,北京银行,借记卡,16,LocalDB
621469,GHB,广东华兴银行,借记卡,19,LocalDB
621476,ICBC,中国工商银行,借记卡,19,LocalDB
621480,ZJTLCB,浙江泰隆商业银行,借记卡,19,LocalDB
621481,RXCB,榆次融信村镇银行,借记卡,19,LocalDB
621482,CDCB,成都银行,借记卡,19,LocalDB
621483,CMB,招商银行,借记卡,16,LocalDB
621485,CMB,招商银行,借记卡,16,LocalDB
621486,CMB,招商银行,借记卡,16,LocalDB
621488,CCB,中国建设银行,借记卡,16,LocalDB
621489,CEB,中国光大银行,借记卡,16,LocalDB
621490,CEB,中国光大银行,借记卡,16,LocalDB
621491,CEB,中国光大银行,借记卡,16,LocalDB
621492,CEB,中国光大银行,借记卡,16,LocalDB
621496,LZYH,兰州银行,借记卡,19,LocalDB
621497,QJCCB,曲靖市商业银行,借记卡,16,LocalDB
621498,LSCCB,乐山市商业银行,借记卡,19,LocalDB
621499,CCB,中国建设银行,借记卡,16,LocalDB
621516,CDRCB,成都农商银行,借记卡,19,LocalDB
621517,QHRC,青海农村信用社,借记卡,16,LocalDB
621518,GDRCC,广东省农村信用社联合社,借记卡,19,LocalDB
621519,HNRCC,湖南省农村信用社,借记卡,19,LocalDB
621520,GSRCU,甘肃省农村信用社,借记卡,19,LocalDB
621521,SDRCU,山东省农村信用社,借记卡,16,LocalDB
621522,GRCB,广州农商银行,借记卡,18,LocalDB
621523,HURCB,湖北省农村信用社,借记卡,16,LocalDB
621525,XJRCU,新疆农村信用社,借记卡,16,LocalDB
621526,ARCU,安徽省农村信用社,借记卡,19,LocalDB
621528,CRCBANK,重庆农村商业银行,借记卡,16,LocalDB
621529,NXBANK,宁夏银行,借记卡,19,LocalDB
621530,SCRCU,四川省农村信用社,借记卡,19,LocalDB
621531,JLRCU,吉林农信,借记卡,19,LocalDB
621532,CDCB,成都银行,借记卡,19,LocalDB
621533,NMGNXS,内蒙古农村信用社,借记卡,19,LocalDB
621536,BOHN,海南省农村信用社,借记卡,19,LocalDB
621538,LZYH,兰州银行,借记卡,19,LocalDB
621539,HNRCC,湖南省农村信用社,借记卡,19,LocalDB
621552,GYCB,贵阳市商业银行,借记卡,19,LocalDB
621557,HLJRCU,黑龙江省农村信用社,借记卡,19,LocalDB
621558,ICBC,中国工商银行,借记卡,19,LocalDB
621559,ICBC,中国工商银行,借记卡,19,LocalDB
621562,GLBANK,桂林银行,借记卡,19,LocalDB
621566,SXRCCU,陕西信合,借记卡,19,LocalDB
621568,BOC,中国银行,借记卡,19,LocalDB
621569,BOC,中国银行,借记卡,19,LocalDB
621577,HRBANK,哈尔滨银行,借记卡,19,LocalDB
621578,JSRCU,江苏省农村信用联合社,借记卡,19,LocalDB
621579,JSBANK,江苏银行,借记卡,19,LocalDB
621580,SXRCU,山西省农村信用社,借记卡,19,LocalDB
621582,PSBC,中国邮政储蓄银行,借记卡,19,LocalDB
621585,HNRCU,河南省农村信用社,借记卡,18,LocalDB
621588,DAQINGB,龙江银行,借记卡,19,LocalDB
621589,FJNX,福建省农村信用社联合社,借记卡,19,LocalDB
621590,GZRCU,贵州省农村信用社,借记卡,19,LocalDB
621591,ZYCBANK,遵义市商业银行,借记卡,16,LocalDB
621598,CCB,中国建设银行,借记卡,19,LocalDB
621599,PSBC,中国邮政储蓄银行,借记卡,19,LocalDB
621600,XMBANK,厦门银行,借记卡,19,LocalDB
621619,ABC,中国农业银行,借记卡,19,LocalDB
621620,BOC,中国银行,借记卡,19,LocalDB
621621,CCB,中国建设银行,借记卡,19,LocalDB
621625,GHB,广东华兴银行,借记卡,19,LocalDB
621626,SPABANK,平安银行,借记卡,19,LocalDB
621627,CZCB,浙江稠州商业银行,借记卡,19,LocalDB
621628,SDEB,顺德农商银行,借记卡,19,LocalDB
621633,H3CB,内蒙古银行,借记卡,19,LocalDB
621660,BOC,中国银行,借记卡,19,LocalDB
621661,BOC,中国银行,借记卡,19,LocalDB
621662,BOC,中国银行,借记卡,19,LocalDB
621663,BOC,中国银行,借记卡,19,LocalDB
621666,BOC,中国银行,借记卡,19,LocalDB
621667,BOC,中国银行,借记卡,19,LocalDB
621668,BOC,中国银行,借记卡,19,LocalDB
621669,BOC,中国银行,借记卡,19,LocalDB
621670,ICBC,中国工商银行,借记卡,19,LocalDB
621671,ABC,中国农业银行,借记卡,19,LocalDB
621672,BOC,中国银行,借记卡,19,LocalDB
621673,CCB,中国建设银行,借记卡,19,LocalDB
621674,PSBC,中国邮政储蓄银行,借记卡,19,LocalDB
621676,WHRCB,武汉农村商业银行,借记卡,19,LocalDB
621678,ZJNX,浙江省农村信用社联合社,借记卡,19,LocalDB
621691,CMBC,中国民生银行,借记卡,16,LocalDB
621700,CCB,中国建设银行,借记卡,19,LocalDB
621701,FJNX,福建省农村信用社联合社,借记卡,19,LocalDB
621720,ICBC,中国工商银行,借记卡,19,LocalDB
621721,ICBC,中国工商银行,借记卡,19,LocalDB
621722,ICBC,中国工商银行,借记卡,19,LocalDB
621723,ICBC,中国工商银行,借记卡,19,LocalDB
621724,ICBC,中国工商银行,借记卡,19,LocalDB
621725,BOC,中国银行,借记卡,19,LocalDB
621726,MTBANK,浙江民泰商业银行,借记卡,19,LocalDB
621727,NYBANK,广东南粤银行,借记卡,19,LocalDB
621728,GDRCC,广东省农村信用社联合社,借记卡,19,LocalDB
621735,GYCB,贵阳市商业银行,借记卡,19,LocalDB
621736,ZJNX,浙江省农村信用社联合社,借记卡,19,LocalDB
621737,NMGNXS,内蒙古农村信用社,借记卡,19,LocalDB
621738,YQCCB,阳泉银行,借记卡,16,LocalDB
621740,SCB,渣打银行,借记卡,16,LocalDB
621748,ZYB,中原银行,借记卡,19,LocalDB
621751,URMQCCB,乌鲁木齐市商业银行,借记卡,19,LocalDB
621752,HRBANK,哈尔滨银行,借记卡,19,LocalDB
621753,ZYB,中原银行,借记卡,19,LocalDB
621754,URMQCCB,乌鲁木齐市商业银行,借记卡,19,LocalDB
621755,CCQTGB,重庆三峡银行,借记卡,16,LocalDB
621756,BOC,中国银行,借记卡,19,LocalDB
621757,BOC,中国银行,借记卡,19,LocalDB
621758,BOC,中国银行,借记卡,19,LocalDB
621759,BOC,中国银行,借记卡,19,LocalDB
621760,BSB,包商银行,借记卡,17,LocalDB
621766,KLB,昆仑银行,借记卡,19,LocalDB
621767,CITIC,中信银行,借记卡,16,LocalDB
621768,CITIC,中信银行,借记卡,16,LocalDB
621769,CITIC,中信银行,借记卡,16,LocalDB
621770,CITIC,中信银行,借记卡,16,LocalDB
621771,CITIC,中信银行,借记卡,16,LocalDB
621772,CITIC,中信银行,借记卡,16,LocalDB
621773,CITIC,中信银行,借记卡,16,LocalDB
621775,HSBANK,徽商银行,借记卡,19,LocalDB
621777,NJCB,南京银行,借记卡,16,LocalDB
621778,ARCU,安徽省农村信用社,借记卡,19,LocalDB
621779,GZRCU,贵州省农村信用社,借记卡,19,LocalDB
621780,JZBANK,晋中市商业银行,借记卡,19,LocalDB
621785,BOC,中国银行,借记卡,19,LocalDB
621786,BOC,中国银行,借记卡,19,LocalDB
621787,BOC,中国银行,借记卡,19,LocalDB
621788,BOC,中国银行,借记卡,19,LocalDB
621789,BOC,中国银行,借记卡,19,LocalDB
621790,BOC,中国银行,借记卡,19,LocalDB
621791,SPDB,上海浦东发展银行,借记卡,16,LocalDB
621792,SPDB,上海浦东发展银行,借记卡,16,LocalDB
621793,SPDB,上海浦东发展银行,借记卡,16,LocalDB
621795,SPDB,上海浦东发展银行,借记卡,16,LocalDB
621796,SPDB,上海浦东发展银行,借记卡,16,LocalDB
621797,PSBC,中国邮政储蓄银行,借记卡,19,LocalDB
621798,PSBC,中国邮政储蓄银行,借记卡,19,LocalDB
621799,PSBC,中国邮政储蓄银行,借记卡,19,LocalDB
621977,WZCB,温州银行,借记卡,16,LocalDB
622020,ICBC,中国工商银行,借记卡,18,LocalDB
622126,FXCB,阜新银行,借记卡,18,LocalDB
622127,FJNX,福建省农村信用社联合社,借记卡,19,LocalDB
622128,SRCB,深圳农村商业银行,借记卡,16,LocalDB
622129,SRCB,深圳农村商业银行,借记卡,16,LocalDB
622131,JSBANK,江苏银行,借记卡,19,LocalDB
622132,JXBANK,嘉兴银行,借记卡,16,LocalDB
622133,GYCB,贵阳市商业银行,借记卡,19,LocalDB
622134,CQBANK,重庆银行,借记卡,16,LocalDB
622135,CDCB,成都银行,借记卡,19,LocalDB
622136,XABANK,西安银行,借记卡,18,LocalDB
622137,HSBANK,徽商银行,借记卡,17,LocalDB
622138,BJRCB,北京农村商业银行,借记卡,19,LocalDB
622139,LZYH,兰州银行,借记卡,16,LocalDB
622140,LANGFB,廊坊银行,借记卡,16,LocalDB
622141,ZJTLCB,浙江泰隆商业银行,借记卡,16,LocalDB
622143,URMQCCB,乌鲁木齐市商业银行,借记卡,19,LocalDB
622146,QDCCB,青岛银行,借记卡,16,LocalDB
622147,H3CB,内蒙古银行,借记卡,19,LocalDB
622148,SHBANK,上海银行,信用卡,16,LocalDB
622149,SHBANK,上海银行,信用卡,16,LocalDB
622150,PSBC,中国邮政储蓄银行,借记卡,19,LocalDB
622151,PSBC,中国邮政储蓄银行,借记卡,19,LocalDB
622152,CDCB,成都银行,借记卡,19,LocalDB
622153,CDCB,成都银行,借记卡,19,LocalDB
622154,CDCB,成都银行,借记卡,19,LocalDB
622155,SPABANK,平安银行,信用卡,16,LocalDB
622156,SPABANK,平安银行,信用卡,16,LocalDB
622157,SPABANK,平安银行,信用卡,16,LocalDB
622158,ICBC,中国工商银行,信用卡,16,LocalDB
622159,ICBC,中国工商银行,信用卡,16,LocalDB
622161,CEB,中国光大银行,信用卡,16,LocalDB
622162,JJBANK,九江银行,借记卡,19,LocalDB
622163,BJBANK,北京银行,信用卡,16,LocalDB
622165,BSB,包商银行,借记卡,16,LocalDB
622166,CCB,中国建设银行,信用卡,16,LocalDB
622167,TSBANK,唐山银行,借记卡,19,LocalDB
622168,CCB,中国建设银行,信用卡,16,LocalDB
622169,HNRCC,湖南省农村信用社,借记卡,19,LocalDB
622172,SHBANK,上海银行,借记卡,18,LocalDB
622173,JSBANK,江苏银行,借记卡,19,LocalDB
622176,SPDB,上海浦东发展银行,信用卡,16,LocalDB
622177,SPDB,上海浦东发展银行,信用卡,16,LocalDB
622178,JLBANK,吉林银行,信用卡,16,LocalDB
622179,JLBANK,吉林银行,信用卡,16,LocalDB
622180,PSBC,中国邮政储蓄银行,借记卡,19,LocalDB
622181,PSBC,中国邮政储蓄银行,借记卡,19,LocalDB
622182,PSBC,中国邮政储蓄银行,借记卡,19,LocalDB
622184,FJNX,福建省农村信用社联合社,借记卡,19,LocalDB
622187,PSBC,中国邮政储蓄银行,借记卡,19,LocalDB
622188,PSBC,中国邮政储蓄银行,借记卡,19,LocalDB
622189,PSBC,中国邮政储蓄银行,借记卡,19,LocalDB
622200,ICBC,中国工商银行,借记卡,19,LocalDB
622202,ICBC,中国工商银行,借记卡,19,LocalDB
622203,ICBC,中国工商银行,借记卡,19,LocalDB
622208,ICBC,中国工商银行,借记卡,19,LocalDB
622210,ICBC,中国工商银行,信用卡,16,LocalDB
622211,ICBC,中国工商银行,信用卡,16,LocalDB
622212,ICBC,中国工商银行,信用卡,16,LocalDB
622213,ICBC,中国工商银行,信用卡,16,LocalDB
622214,ICBC,中国工商银行,信用卡,16,LocalDB
622215,ICBC,中国工商银行,信用卡,16,LocalDB
622218,CRCBANK,重庆农村商业银行,信用卡,16,LocalDB
622228,SPDB,上海浦东发展银行,信用卡,16,LocalDB
62223,ICBC,中国工商银行,信用卡,16,LocalDB
622240,ICBC,中国工商银行,信用卡,16,LocalDB
622245,ICBC,中国工商银行,信用卡,16,LocalDB
622246,ICBC,中国工商银行,信用卡,16,LocalDB
622251,COMM,交通银行,信用卡,16,LocalDB
622252,COMM,交通银行,信用卡,16,LocalDB
622253,COMM,交通银行,信用卡,16,LocalDB
622254,COMM,交通银行,准贷记卡,16,LocalDB
622255,COMM,交通银行,准贷记卡,16,LocalDB
622256,COMM,交通银行,准贷记卡,16,LocalDB
622257,COMM,交通银行,准贷记卡,16,LocalDB
622258,COMM,交通银行,借记卡,17,LocalDB
622259,COMM,交通银行,借记卡,17,LocalDB
622260,COMM,交通银行,借记卡,19,LocalDB
622261,COMM,交通银行,借记卡,19,LocalDB
622262,COMM,交通银行,借记卡,19,LocalDB
622265,HKBEA,东亚银行,信用卡,16,LocalDB
622266,HKBEA,东亚银行,信用卡,16,LocalDB
622267,SHBANK,上海银行,借记卡,18,LocalDB
622268,SHBANK,上海银行,信用卡,16,LocalDB
622269,SHBANK,上海银行,信用卡,16,LocalDB
622270,DAQINGB,龙江银行,信用卡,16,LocalDB
622271,NHB,南海农商银行,借记卡,18,LocalDB
622272,CHB,创兴银行有限公司,借记卡,16,LocalDB
622275,NCB,江西银行,借记卡,16,LocalDB
622276,SPDB,上海浦东发展银行,信用卡,16,LocalDB
622277,SPDB,上海浦东发展银行,信用卡,16,LocalDB
622278,SHBANK,上海银行,借记卡,18,LocalDB
622279,SHBANK,上海银行,借记卡,18,LocalDB
622280,CCB,中国建设银行,借记卡,19,LocalDB
622281,NBBANK,宁波银行,借记卡,16,LocalDB
622282,NBBANK,宁波银行,信用卡,16,LocalDB
622283,JSBANK,江苏银行,信用卡,16,LocalDB
622284,COMM,交通银行,准贷记卡,16,LocalDB
622285,COMM,交通银行,信用卡,16,LocalDB
622286,HZCB,杭州银行,信用卡,16,LocalDB
622287,ZJTLCB,浙江泰隆商业银行,信用卡,16,LocalDB
622288,ZJNX,浙江省农村信用社联合社,信用卡,16,LocalDB
622289,NBYZ,鄞州银行,信用卡,16,LocalDB
622290,FJNX,福建省农村信用社联合社,信用卡,16,LocalDB
622291,LZCCB,柳州银行,借记卡,18,LocalDB
622292,LZCCB,柳州银行,借记卡,18,LocalDB
622293,DSB,大新银行,信用卡,16,LocalDB
622294,DSB,大新银行,信用卡,16,LocalDB
622295,DSB,大新银行,信用卡,16,LocalDB
622296,DSB,大新银行,信用卡,16,LocalDB
622297,DSB,大新银行,借记卡,16,LocalDB
622298,SPABANK,平安银行,借记卡,16,LocalDB
622300,SHBANK,上海银行,信用卡,16,LocalDB
622301,HZCCB,湖州市商业银行,借记卡,19,LocalDB
622302,ICBC,中国工商银行,借记卡,18,LocalDB
622303,ICBC,中国工商银行,借记卡,18,LocalDB
622305,ICBC,中国工商银行,借记卡,18,LocalDB
622307,JJBANK,九江银行,借记卡,19,LocalDB
622308,ICBC,中国工商银行,借记卡,18,LocalDB
622309,CZBANK,浙商银行,借记卡,19,LocalDB
622310,BOQH,青海银行,借记卡,17,LocalDB
622312,JSRCU,江苏省农村信用联合社,借记卡,16,LocalDB
622313,ICBC,中国工商银行,借记卡,18,LocalDB
622315,BSB,包商银行,信用卡,16,LocalDB
622316,NBBANK,宁波银行,借记卡,16,LocalDB
622318,NBBANK,宁波银行,信用卡,16,LocalDB
622319,SDRCU,山东省农村信用社,借记卡,16,LocalDB
622320,SDRCU,山东省农村信用社,借记卡,16,LocalDB
622321,TZCB,台州银行,信用卡,16,LocalDB
622322,SDEB,顺德农商银行,借记卡,16,LocalDB
622323,CSRCB,常熟农商银行,借记卡,19,LocalDB
622324,JSRCU,江苏省农村信用联合社,借记卡,19,LocalDB
622325,HKB,汉口银行,借记卡,16,LocalDB
622327,HSBANK,徽商银行,借记卡,17,LocalDB
622328,DRCBCL,东莞农村商业银行,借记卡,19,LocalDB
622329,TRCB,天津农商银行,借记卡,19,LocalDB
622331,TCCB,天津银行,借记卡,18,LocalDB
622332,ZRCBANK,张家港农村商业银行,借记卡,17,LocalDB
622333,BOD,东莞银行,借记卡,16,LocalDB
622335,BGB,广西北部湾银行,借记卡,16,LocalDB
622336,BSB,包商银行,借记卡,17,LocalDB
622337,JSBANK,江苏银行,借记卡,16,LocalDB
622338,JZCBANK,焦作市商业银行,借记卡,19,LocalDB
622339,NBYZ,鄞州银行,借记卡,16,LocalDB
622340,HSBANK,徽商银行,借记卡,17,LocalDB
622341,JRCB,江苏江阴农村商业银行,借记卡,16,LocalDB
622342,PZHCCB,攀枝花市商业银行,借记卡,19,LocalDB
622343,GDRCC,广东省农村信用社联合社,借记卡,19,LocalDB
622345,CDRCB,成都农商银行,借记卡,19,LocalDB
622349,NCB,江西银行,信用卡,16,LocalDB
622350,NCB,江西银行,信用卡,16,LocalDB
622351,NCB,江西银行,借记卡,16,LocalDB
622352,CYBC,集友银行,信用卡,16,LocalDB
622353,CYBC,集友银行,信用卡,16,LocalDB
622355,CYBC,集友银行,借记卡,16,LocalDB
622358,HBRCU,河北省农村信用社,借记卡,19,LocalDB
622359,LSBC,临商银行,借记卡,19,LocalDB
622360,HSBC,汇丰银行（中国）,信用卡,16,LocalDB
622361,HSBC,汇丰银行（中国）,信用卡,16,LocalDB
622362,GDRCC,广东省农村信用社联合社,借记卡,19,LocalDB
622363,RBOZ,珠海华润银行,借记卡,19,LocalDB
622365,HKBEA,东亚银行,借记卡,17,LocalDB
622366,HSBANK,徽商银行,借记卡,17,LocalDB
622367,MYBANK,绵阳市商业银行,借记卡,19,LocalDB
622368,CSCB,长沙银行,借记卡,19,LocalDB
622369,YNRCC,云南省农村信用社,借记卡,16,LocalDB
622370,BOQZ,泉州银行,借记卡,19,LocalDB
622371,CITI,花旗银行（中国）,信用卡,16,LocalDB
622372,BEAHK,东亚银行有限公司,信用卡,16,LocalDB
622373,DSB,大新银行,信用卡,16,LocalDB
622375,DSB,大新银行,借记卡,17,LocalDB
622376,HSB,恒生银行,信用卡,16,LocalDB
622377,HSB,恒生银行,信用卡,16,LocalDB
622378,HSB,恒生银行,信用卡,16,LocalDB
622379,QLBANK,齐鲁银行,借记卡,19,LocalDB
622383,DLB,大连银行,信用卡,16,LocalDB
622384,EGBANK,恒丰银行,借记卡,17,LocalDB
622385,DLB,大连银行,信用卡,16,LocalDB
622386,SHBANK,上海银行,信用卡,16,LocalDB
622387,WLB,永隆银行,信用卡,16,LocalDB
622388,FJHXBC,福建海峡银行,借记卡,16,LocalDB
622389,NBYZ,鄞州银行,信用卡,16,LocalDB
622391,BANKWF,潍坊银行,借记卡,16,LocalDB
622392,LUZBANK,泸州市商业银行,借记卡,19,LocalDB
622393,XMBANK,厦门银行,借记卡,16,LocalDB
622394,JSBANK,江苏银行,借记卡,16,LocalDB
622395,DTCCB,大同银行,借记卡,19,LocalDB
622396,HBC,湖北银行,借记卡,17,LocalDB
622397,YCCB,宜昌市商业银行,信用卡,16,LocalDB
622398,HLDB,葫芦岛市商业银行,借记卡,16,LocalDB
622399,LYCB,辽阳市商业银行,借记卡,17,LocalDB
622400,BOYK,营口银行,借记卡,17,LocalDB
622406,HSBC,汇丰银行（中国）,借记卡,17,LocalDB
622407,HSBC,汇丰银行（中国）,借记卡,19,LocalDB
622409,HSB,恒生银行,借记卡,19,LocalDB
622410,HSB,恒生银行,借记卡,17,LocalDB
622411,WHCCB,威海市商业银行,借记卡,16,LocalDB
622412,HURCB,湖北省农村信用社,借记卡,16,LocalDB
622413,ASCB,鞍山银行,借记卡,16,LocalDB
622415,BODD,丹东银行,借记卡,16,LocalDB
622418,JSBANK,江苏银行,借记卡,16,LocalDB
622420,BOL,洛阳银行,借记卡,17,LocalDB
622421,ZZBANK,郑州银行,借记卡,19,LocalDB
6224217,ZZBANK,郑州银行,借记卡,19,LocalDB
622422,JSBANK,江苏银行,借记卡,16,LocalDB
622423,WLB,永隆银行,信用卡,16,LocalDB
622425,HRBANK,哈尔滨银行,借记卡,19,LocalDB
622426,TCCB,天津银行,信用卡,16,LocalDB
622427,TZCB,台州银行,借记卡,16,LocalDB
622428,NXBANK,宁夏银行,信用卡,16,LocalDB
622429,NXBANK,宁夏银行,借记卡,19,LocalDB
622432,BNU,大西洋银行,借记卡,19,LocalDB
622434,LSB,临商银行,借记卡,19,LocalDB
622435,LSB,临商银行,借记卡,19,LocalDB
622436,LSB,临商银行,借记卡,19,LocalDB
622439,GRCB,广州农商银行,借记卡,18,LocalDB
622440,JLBANK,吉林银行,借记卡,16,LocalDB
622441,ZYB,中原银行,借记卡,16,LocalDB
622442,FSCB,抚顺银行,借记卡,19,LocalDB
622443,KSRB,昆山农村商业银行,借记卡,19,LocalDB
622447,JSBANK,江苏银行,借记卡,16,LocalDB
622448,NYBANK,广东南粤银行,借记卡,16,LocalDB
622449,JHBANK,金华银行,借记卡,16,LocalDB
622450,JHBANK,金华银行,信用卡,16,LocalDB
622451,DSB,大新银行,信用卡,16,LocalDB
622452,JSRCU,江苏省农村信用联合社,借记卡,19,LocalDB
622453,CITIC,中信银行,信用卡,16,LocalDB
622456,CITIC,中信银行,信用卡,16,LocalDB
622459,CITIC,中信银行,借记卡,17,LocalDB
622462,CSRCB,常熟农商银行,信用卡,16,LocalDB
622463,CHB,创兴银行有限公司,借记卡,19,LocalDB
622465,JSB,晋商银行,借记卡,17,LocalDB
622466,SJBANK,盛京银行,信用卡,16,LocalDB
622467,GCB,广州银行,借记卡,19,LocalDB
622468,SHBANK,上海银行,借记卡,18,LocalDB
622469,YNRCC,云南省农村信用社,信用卡,16,LocalDB
622470,GDRCC,广东省农村信用社联合社,借记卡,19,LocalDB
622471,HKBEA,东亚银行,信用卡,16,LocalDB
622472,HKBEA,东亚银行,信用卡,16,LocalDB
622475,DAQINGB,龙江银行,借记卡,16,LocalDB
622476,URMQCCB,乌鲁木齐市商业银行,信用卡,16,LocalDB
622477,GDRCC,广东省农村信用社联合社,借记卡,19,LocalDB
622478,SHRCB,上海农村商业银行,借记卡,16,LocalDB
622481,JRCB,江苏江阴农村商业银行,信用卡,16,LocalDB
622482,SCBHK,渣打银行（香港）,信用卡,16,LocalDB
622483,SCBHK,渣打银行（香港）,信用卡,16,LocalDB
622484,SCBHK,渣打银行（香港）,信用卡,16,LocalDB
622486,SXCB,绍兴银行,借记卡,16,LocalDB
622488,WJRCB,吴江农商银行,借记卡,16,LocalDB
622489,DSB,大新银行,借记卡,17,LocalDB
622493,AEON,AEON银行,信用卡,16,LocalDB
622498,BHB,河北银行,借记卡,19,LocalDB
62249802,QHDCCB,秦皇岛市商业银行,借记卡,19,LocalDB
62249804,BOCZ,沧州银行,借记卡,19,LocalDB
622499,BHB,河北银行,借记卡,19,LocalDB
622500,SPDB,上海浦东发展银行,信用卡,16,LocalDB
622506,SXRCCU,陕西信合,借记卡,19,LocalDB
622508,ZYCBANK,遵义市商业银行,借记卡,16,LocalDB
622509,GDRCC,广东省农村信用社联合社,借记卡,19,LocalDB
622510,GDRCC,广东省农村信用社联合社,借记卡,19,LocalDB
622511,HBC,湖北银行,借记卡,17,LocalDB
622516,SPDB,上海浦东发展银行,借记卡,16,LocalDB
622517,SPDB,上海浦东发展银行,借记卡,16,LocalDB
622518,SPDB,上海浦东发展银行,借记卡,16,LocalDB
622519,SPDB,上海浦东发展银行,准贷记卡,16,LocalDB
622520,SPDB,上海浦东发展银行,准贷记卡,16,LocalDB
622521,SPDB,上海浦东发展银行,借记卡,16,LocalDB
622522,SPDB,上海浦东发展银行,借记卡,16,LocalDB
622523,SPDB,上海浦东发展银行,借记卡,16,LocalDB
622525,SPABANK,平安银行,信用卡,16,LocalDB
622526,SPABANK,平安银行,信用卡,16,LocalDB
622531,TRCB,天津农商银行,借记卡,19,LocalDB
622532,JINCHB,晋城银行,借记卡,19,LocalDB
622535,SPABANK,平安银行,借记卡,16,LocalDB
622536,SPABANK,平安银行,借记卡,16,LocalDB
622537,GYCB,贵阳市商业银行,信用卡,16,LocalDB
622538,SPABANK,平安银行,借记卡,16,LocalDB
622539,SPABANK,平安银行,借记卡,16,LocalDB
622546,TFB,大丰银行有限公司,借记卡,19,LocalDB
622547,TFB,大丰银行有限公司,借记卡,19,LocalDB
622548,TFB,大丰银行有限公司,借记卡,19,LocalDB
622555,GDB,广东发展银行,信用卡,16,LocalDB
622556,GDB,广东发展银行,信用卡,16,LocalDB
622557,GDB,广东发展银行,信用卡,16,LocalDB
622558,GDB,广东发展银行,信用卡,16,LocalDB
622559,GDB,广东发展银行,信用卡,16,LocalDB
622560,GDB,广东发展银行,信用卡,16,LocalDB
622561,DYCB,德阳商业银行,借记卡,19,LocalDB
622562,DYCB,德阳商业银行,借记卡,19,LocalDB
622563,DYCB,德阳商业银行,借记卡,19,LocalDB
622566,HKB,汉口银行,信用卡,16,LocalDB
622567,HKB,汉口银行,信用卡,16,LocalDB
622568,GDB,广东发展银行,借记卡,19,LocalDB
622569,WRCB,无锡农村商业银行,信用卡,16,LocalDB
622570,CEB,中国光大银行,信用卡,16,LocalDB
622571,CIB,兴业银行,信用卡,16,LocalDB
622572,CIB,兴业银行,信用卡,16,LocalDB
622573,CIB,兴业银行,信用卡,16,LocalDB
622575,CMB,招商银行,信用卡,16,LocalDB
622576,CMB,招商银行,信用卡,16,LocalDB
622577,CMB,招商银行,信用卡,16,LocalDB
622578,CMB,招商银行,信用卡,16,LocalDB
622579,CMB,招商银行,信用卡,16,LocalDB
622580,CMB,招商银行,借记卡,16,LocalDB
622581,CMB,招商银行,信用卡,16,LocalDB
622582,CMB,招商银行,信用卡,16,LocalDB
622583,SCB,渣打银行,信用卡,16,LocalDB
622584,SCB,渣打银行,信用卡,16,LocalDB
622588,CMB,招商银行,借记卡,16,LocalDB
622595,NJCB,南京银行,信用卡,16,LocalDB
622596,NJCB,南京银行,信用卡,16,LocalDB
622597,ICBC,中国工商银行,信用卡,16,LocalDB
622598,CMB,招商银行,借记卡,16,LocalDB
622599,ICBC,中国工商银行,信用卡,16,LocalDB
622600,CMBC,中国民生银行,信用卡,16,LocalDB
622601,CMBC,中国民生银行,信用卡,16,LocalDB
622602,CMBC,中国民生银行,信用卡,16,LocalDB
622603,CMBC,中国民生银行,信用卡,16,LocalDB
622609,CMB,招商银行,借记卡,16,LocalDB
622611,SHRCB,上海农村商业银行,信用卡,16,LocalDB
622613,CQBANK,重庆银行,信用卡,16,LocalDB
622615,CMBC,中国民生银行,借记卡,16,LocalDB
622616,CMBC,中国民生银行,借记卡,16,LocalDB
622617,CMBC,中国民生银行,借记卡,16,LocalDB
622618,CMBC,中国民生银行,借记卡,16,LocalDB
622619,CMBC,中国民生银行,借记卡,16,LocalDB
622620,CMBC,中国民生银行,借记卡,16,LocalDB
622621,CMBC,中国民生银行,信用卡,16,LocalDB
622622,CMBC,中国民生银行,借记卡,16,LocalDB
622623,CMBC,中国民生银行,信用卡,16,LocalDB
622625,HKB,汉口银行,信用卡,16,LocalDB
622626,HKB,汉口银行,信用卡,16,LocalDB
622630,HXBANK,华夏银行,借记卡,16,LocalDB
622631,HXBANK,华夏银行,借记卡,16,LocalDB
622632,HXBANK,华夏银行,借记卡,16,LocalDB
622633,HXBANK,华夏银行,借记卡,16,LocalDB
622636,HXBANK,华夏银行,信用卡,16,LocalDB
622637,HXBANK,华夏银行,信用卡,16,LocalDB
622638,HXBANK,华夏银行,信用卡,16,LocalDB
622644,DAQINGB,龙江银行,借记卡,19,LocalDB
622648,WJRCB,吴江农商银行,信用卡,16,LocalDB
622650,CEB,中国光大银行,信用卡,16,LocalDB
622651,HSBANK,徽商银行,信用卡,16,LocalDB
622655,CEB,中国光大银行,信用卡,16,LocalDB
622656,COMM,交通银行,信用卡,16,LocalDB
622657,CEB,中国光大银行,信用卡,16,LocalDB
622658,CEB,中国光大银行,信用卡,16,LocalDB
622659,CEB,中国光大银行,信用卡,16,LocalDB
622660,CEB,中国光大银行,借记卡,16,LocalDB
622661,CEB,中国光大银行,借记卡,16,LocalDB
622662,CEB,中国光大银行,借记卡,16,LocalDB
622663,CEB,中国光大银行,借记卡,16,LocalDB
622664,CEB,中国光大银行,借记卡,16,LocalDB
622665,CEB,中国光大银行,借记卡,16,LocalDB
622666,CEB,中国光大银行,借记卡,16,LocalDB
622667,CEB,中国光大银行,借记卡,16,LocalDB
622668,CEB,中国光大银行,借记卡,16,LocalDB
622669,CEB,中国光大银行,借记卡,16,LocalDB
622670,CEB,中国光大银行,借记卡,16,LocalDB
622671,CEB,中国光大银行,借记卡,16,LocalDB
622672,CEB,中国光大银行,借记卡,16,LocalDB
622673,CEB,中国光大银行,借记卡,16,LocalDB
622674,CEB,中国光大银行,借记卡,16,LocalDB
622675,CCB,中国建设银行,信用卡,16,LocalDB
622676,CCB,中国建设银行,信用卡,16,LocalDB
622677,CCB,中国建设银行,信用卡,16,LocalDB
622678,CITIC,中信银行,信用卡,16,LocalDB
622679,CITIC,中信银行,信用卡,16,LocalDB
622680,CITIC,中信银行,信用卡,16,LocalDB
622681,JXRCU,江西省农村信用社,借记卡,19,LocalDB
622682,JXRCU,江西省农村信用社,借记卡,19,LocalDB
622683,JXRCU,江西省农村信用社,借记卡,19,LocalDB
622684,BOHAIB,渤海银行,借记卡,16,LocalDB
622685,CEB,中国光大银行,信用卡,16,LocalDB
622686,ZJNX,浙江省农村信用社联合社,信用卡,16,LocalDB
622687,CEB,中国光大银行,信用卡,16,LocalDB
622688,CITIC,中信银行,信用卡,16,LocalDB
622689,CITIC,中信银行,信用卡,16,LocalDB
622690,CITIC,中信银行,借记卡,16,LocalDB
622691,CITIC,中信银行,借记卡,16,LocalDB
622692,CITIC,中信银行,借记卡,16,LocalDB
622693,SPDB,上海浦东发展银行,信用卡,16,LocalDB
622696,CITIC,中信银行,借记卡,16,LocalDB
622698,CITIC,中信银行,借记卡,16,LocalDB
622700,CCB,中国建设银行,借记卡,19,LocalDB
622707,CCB,中国建设银行,借记卡,16,LocalDB
622708,CCB,中国建设银行,信用卡,16,LocalDB
622717,ZJTLCB,浙江泰隆商业银行,准贷记卡,16,LocalDB
622722,SHRCB,上海农村商业银行,信用卡,16,LocalDB
622740,MTBANK,浙江民泰商业银行,信用卡,16,LocalDB
62275,BOC,中国银行,信用卡,16,LocalDB
622760,BOC,中国银行,信用卡,16,LocalDB
622761,BOC,中国银行,信用卡,16,LocalDB
622762,BOC,中国银行,信用卡,16,LocalDB
622763,BOC,中国银行,信用卡,16,LocalDB
622764,BOC,中国银行,信用卡,16,LocalDB
622765,BOC,中国银行,信用卡,16,LocalDB
622766,CITIC,中信银行,信用卡,16,LocalDB
622767,CITIC,中信银行,信用卡,16,LocalDB
622768,CITIC,中信银行,信用卡,16,LocalDB
622775,WHBMA,澳门永亨银行,信用卡,16,LocalDB
622777,QJCCB,曲靖市商业银行,借记卡,16,LocalDB
622778,NBBANK,宁波银行,信用卡,16,LocalDB
622785,WHBMA,澳门永亨银行,信用卡,16,LocalDB
622802,FJNX,福建省农村信用社联合社,信用卡,16,LocalDB
622806,ICBC,中国工商银行,借记卡,18,LocalDB
622808,CDRCB,成都农商银行,信用卡,16,LocalDB
622809,HRBANK,哈尔滨银行,信用卡,16,LocalDB
622810,PSBC,中国邮政储蓄银行,信用卡,16,LocalDB
622811,PSBC,中国邮政储蓄银行,信用卡,16,LocalDB
622812,PSBC,中国邮政储蓄银行,信用卡,16,LocalDB
622813,CDCB,成都银行,信用卡,16,LocalDB
622815,JSRCU,江苏省农村信用联合社,信用卡,16,LocalDB
622816,JSRCU,江苏省农村信用联合社,信用卡,16,LocalDB
622817,BOQH,青海银行,信用卡,16,LocalDB
622818,CDCB,成都银行,信用卡,16,LocalDB
622820,ABC,中国农业银行,准贷记卡,16,LocalDB
622821,ABC,中国农业银行,借记卡,19,LocalDB
622822,ABC,中国农业银行,借记卡,19,LocalDB
622823,ABC,中国农业银行,借记卡,19,LocalDB
622824,ABC,中国农业银行,借记卡,19,LocalDB
622825,ABC,中国农业银行,借记卡,19,LocalDB
622826,ABC,中国农业银行,借记卡,19,LocalDB
622827,ABC,中国农业银行,借记卡,19,LocalDB
622828,ABC,中国农业银行,借记卡,19,LocalDB
622829,TRCB,天津农商银行,信用卡,16,LocalDB
622830,ABC,中国农业银行,准贷记卡,16,LocalDB
622835,PSBC,中国邮政储蓄银行,信用卡,16,LocalDB
622836,ABC,中国农业银行,信用卡,16,LocalDB
622837,ABC,中国农业银行,信用卡,16,LocalDB
622838,ABC,中国农业银行,信用卡,16,LocalDB
622839,ABC,中国农业银行,信用卡,16,LocalDB
622841,ABC,中国农业银行,借记卡,19,LocalDB
622843,ABC,中国农业银行,借记卡,19,LocalDB
622844,ABC,中国农业银行,借记卡,19,LocalDB
622845,ABC,中国农业银行,借记卡,19,LocalDB
622846,ABC,中国农业银行,借记卡,19,LocalDB
622847,ABC,中国农业银行,借记卡,19,LocalDB
622848,ABC,中国农业银行,借记卡,19,LocalDB
622849,ABC,中国农业银行,借记卡,19,LocalDB
622851,BJBANK,北京银行,信用卡,16,LocalDB
622852,BJBANK,北京银行,信用卡,16,LocalDB
622853,BJBANK,北京银行,信用卡,16,LocalDB
622855,BOSZ,苏州银行,借记卡,19,LocalDB
622856,GLBANK,桂林银行,借记卡,17,LocalDB
622857,RZB,日照银行,借记卡,19,LocalDB
622858,ZJNX,浙江省农村信用社联合社,借记卡,19,LocalDB
622859,GDRCC,广东省农村信用社联合社,借记卡,19,LocalDB
622860,DAQINGB,龙江银行,借记卡,16,LocalDB
622861,WHB,永亨银行,借记卡,16,LocalDB
622862,WHB,永亨银行,借记卡,16,LocalDB
622864,LSBANK,莱商银行,借记卡,16,LocalDB
622865,JLBANK,吉林银行,借记卡,19,LocalDB
622866,JSBANK,江苏银行,借记卡,19,LocalDB
622867,CRCBANK,重庆农村商业银行,借记卡,16,LocalDB
622868,WZCB,温州银行,信用卡,16,LocalDB
622869,TCRCB,江苏太仓农村商业银行,借记卡,19,LocalDB
622870,CJCCB,苏州长江商业银行,借记卡,16,LocalDB
622871,WHB,永亨银行,借记卡,16,LocalDB
622876,JSBANK,江苏银行,借记卡,19,LocalDB
622877,HSBANK,徽商银行,借记卡,19,LocalDB
622878,HZCB,杭州银行,借记卡,18,LocalDB
622879,HSBANK,徽商银行,借记卡,19,LocalDB
622880,LZCCB,柳州银行,借记卡,16,LocalDB
622881,LZCCB,柳州银行,借记卡,16,LocalDB
622882,SXRCU,山西省农村信用社,借记卡,19,LocalDB
622883,HKBEA,东亚银行,信用卡,16,LocalDB
622884,BOHAIB,渤海银行,借记卡,16,LocalDB
622885,CRCBANK,重庆农村商业银行,借记卡,16,LocalDB
622886,YTBANK,烟台银行,借记卡,16,LocalDB
622891,CZRCB,常州农村信用联社,借记卡,19,LocalDB
622892,SHBANK,上海银行,借记卡,18,LocalDB
622893,GZRCU,贵州省农村信用社,借记卡,19,LocalDB
622895,WRCB,无锡农村商业银行,借记卡,16,LocalDB
622897,CGNB,南充市商业银行,借记卡,19,LocalDB
622898,CSCB,长沙银行,信用卡,16,LocalDB
622899,WZCB,温州银行,信用卡,16,LocalDB
622900,CSCB,长沙银行,信用卡,16,LocalDB
622901,CIB,兴业银行,信用卡,16,LocalDB
622902,CIB,兴业银行,信用卡,16,LocalDB
622906,SLH,湖南农村信用社联合社,信用卡,16,LocalDB
622908,CIB,兴业银行,借记卡,18,LocalDB
622909,CIB,兴业银行,借记卡,18,LocalDB
622910,ICBC,中国工商银行,信用卡,16,LocalDB
622916,CITIC,中信银行,信用卡,16,LocalDB
622918,CITIC,中信银行,信用卡,16,LocalDB
622919,CITIC,中信银行,信用卡,16,LocalDB
622921,BHB,河北银行,信用卡,16,LocalDB
622922,CIB,兴业银行,信用卡,16,LocalDB
622932,WHB,永亨银行,借记卡,16,LocalDB
622933,HKBEA,东亚银行,借记卡,19,LocalDB
622935,JLRCU,吉林农信,借记卡,19,LocalDB
622936,BOCD,承德银行,借记卡,19,LocalDB
622937,DZBANK,德州银行,借记卡,19,LocalDB
622938,HKBEA,东亚银行,借记卡,19,LocalDB
622939,ZYCBANK,遵义市商业银行,借记卡,17,LocalDB
622940,SZSBK,石嘴山银行,借记卡,19,LocalDB
622941,AEON,AEON银行,借记卡,16,LocalDB
622942,SCB,渣打银行,借记卡,16,LocalDB
622943,HKBEA,东亚银行,借记卡,19,LocalDB
622944,ICBC,中国工商银行,借记卡,16,LocalDB
622945,CCQTGB,重庆三峡银行,借记卡,16,LocalDB
622946,HSBC,汇丰银行（中国）,借记卡,16,LocalDB
622947,NXRCU,宁夏黄河农村商业银行,借记卡,19,LocalDB
622948,SCB,渣打银行,借记卡,16,LocalDB
622950,HSB,恒生银行,借记卡,16,LocalDB
622951,HSB,恒生银行,借记卡,16,LocalDB
622952,SHBANK,上海银行,借记卡,16,LocalDB
622953,ARCU,安徽省农村信用社,借记卡,19,LocalDB
622955,SJBANK,盛京银行,借记卡,16,LocalDB
622957,WHB,永亨银行,借记卡,16,LocalDB
622958,WHB,永亨银行,借记卡,16,LocalDB
622959,HBC,湖北银行,借记卡,19,LocalDB
622960,HDBANK,邯郸银行,借记卡,18,LocalDB
622961,ZYCBANK,遵义市商业银行,借记卡,16,LocalDB
622962,CZCCB,长治市商业银行,借记卡,17,LocalDB
622963,WHB,永亨银行,借记卡,16,LocalDB
622966,CCB,中国建设银行,借记卡,16,LocalDB
622967,GZB,赣州银行,借记卡,19,LocalDB
622968,SXRCU,山西省农村信用社,借记卡,19,LocalDB
622970,WLB,永隆银行,借记卡,17,LocalDB
622971,WLB,永隆银行,借记卡,17,LocalDB
622972,TACCB,泰安市商业银行,借记卡,19,LocalDB
622973,WHBANK,乌海银行,借记卡,19,LocalDB
622974,AEON,AEON银行,借记卡,16,LocalDB
6229756114,QDRCB,青岛农村商业银行,借记卡,19,LocalDB
6229756115,BJRCB,北京农村商业银行,借记卡,19,LocalDB
622976,NMGNXS,内蒙古农村信用社,借记卡,19,LocalDB
622977,DAQINGB,龙江银行,借记卡,19,LocalDB
622978,ORBANK,鄂尔多斯银行,借记卡,19,LocalDB
622979,ZYB,中原银行,借记卡,19,LocalDB
622980,YXCCB,玉溪市商业银行,借记卡,19,LocalDB
622982,ZJKCCB,张家口市商业银行,借记卡,19,LocalDB
622983,SPABANK,平安银行,借记卡,16,LocalDB
622985,SHBANK,上海银行,借记卡,18,LocalDB
622986,SPABANK,平安银行,借记卡,16,LocalDB
622987,SHBANK,上海银行,借记卡,18,LocalDB
622988,CCB,中国建设银行,借记卡,16,LocalDB
622989,SPABANK,平安银行,借记卡,16,LocalDB
622990,BOJZ,锦州银行,借记卡,17,LocalDB
622991,HNRCU,河南省农村信用社,借记卡,18,LocalDB
622992,GXRCU,广西省农村信用社,借记卡,19,LocalDB
622993,DLB,大连银行,借记卡,19,LocalDB
622994,SCB,渣打银行,借记卡,16,LocalDB
622995,WJRCB,吴江农商银行,借记卡,16,LocalDB
622996,CDCB,成都银行,借记卡,19,LocalDB
622997,CDCB,成都银行,借记卡,19,LocalDB
622998,CITIC,中信银行,借记卡,16,LocalDB
622999,CITIC,中信银行,借记卡,16,LocalDB
623000,BHB,河北银行,借记卡,19,LocalDB
623001,BGB,广西北部湾银行,借记卡,16,LocalDB
623002,ICBC,中国工商银行,借记卡,18,LocalDB
623003,QHDBANK,秦皇岛银行,借记卡,19,LocalDB
623007,LSBC,临商银行,借记卡,19,LocalDB
623010,BOD,东莞银行,借记卡,19,LocalDB
623013,HNRCU,河南省农村信用社,借记卡,18,LocalDB
623016,CQBANK,重庆银行,借记卡,16,LocalDB
623017,QHRC,青海农村信用社,借记卡,16,LocalDB
623018,ABC,中国农业银行,借记卡,19,LocalDB
623019,XMBANK,厦门银行,借记卡,19,LocalDB
623020,HXBANK,华夏银行,借记卡,16,LocalDB
623021,HXBANK,华夏银行,借记卡,16,LocalDB
623022,HXBANK,华夏银行,借记卡,16,LocalDB
623023,HXBANK,华夏银行,借记卡,16,LocalDB
623025,HBRCU,河北省农村信用社,借记卡,19,LocalDB
623026,SXCB,绍兴银行,借记卡,16,LocalDB
623027,SXRCCU,陕西信合,借记卡,19,LocalDB
623029,HKB,汉口银行,借记卡,16,LocalDB
623033,WHRCB,武汉农村商业银行,借记卡,19,LocalDB
623035,SRCB,深圳农村商业银行,借记卡,16,LocalDB
623036,FJNX,福建省农村信用社联合社,借记卡,19,LocalDB
623038,DRCBCL,东莞农村商业银行,借记卡,19,LocalDB
623039,TZCB,台州银行,借记卡,19,LocalDB
623051,SXRCU,山西省农村信用社,借记卡,19,LocalDB
623052,ABC,中国农业银行,借记卡,19,LocalDB
623058,SPABANK,平安银行,借记卡,19,LocalDB
623059,HNRCU,河南省农村信用社,借记卡,18,LocalDB
623060,BOCD,承德银行,借记卡,19,LocalDB
623061,HZCB,杭州银行,借记卡,18,LocalDB
623062,ICBC,中国工商银行,借记卡,19,LocalDB
623065,GSRCU,甘肃省农村信用社,借记卡,19,LocalDB
623066,JSRCU,江苏省农村信用联合社,借记卡,19,LocalDB
623067,JHBANK,金华银行,借记卡,16,LocalDB
623068,HSBK,衡水银行,借记卡,19,LocalDB
623069,DLB,大连银行,借记卡,19,LocalDB
623070,DLB,大连银行,借记卡,19,LocalDB
623071,CSRCB,常熟农商银行,借记卡,19,LocalDB
623072,CGNB,南充市商业银行,借记卡,19,LocalDB
623076,HBC,湖北银行,借记卡,19,LocalDB
623077,RZB,日照银行,借记卡,19,LocalDB
623078,EGBANK,恒丰银行,借记卡,19,LocalDB
623081,SJBANK,盛京银行,借记卡,16,LocalDB
623088,CDRCB,成都农商银行,借记卡,19,LocalDB
623089,NXBANK,宁夏银行,借记卡,19,LocalDB
623090,HNRCC,湖南省农村信用社,借记卡,19,LocalDB
623091,ZJNX,浙江省农村信用社联合社,借记卡,19,LocalDB
623093,ORBANK,鄂尔多斯银行,借记卡,19,LocalDB
623094,CCB,中国建设银行,借记卡,19,LocalDB
623095,NXRCU,宁夏黄河农村商业银行,借记卡,19,LocalDB
623096,CQBANK,重庆银行,借记卡,19,LocalDB
623100,ICBC,中国工商银行,借记卡,18,LocalDB
623101,DZBANK,德州银行,借记卡,19,LocalDB
623102,WHCCB,威海市商业银行,借记卡,19,LocalDB
623103,TRCB,天津农商银行,借记卡,19,LocalDB
623105,HKB,汉口银行,借记卡,16,LocalDB
623106,HSB,恒生银行,借记卡,17,LocalDB
623107,HSB,恒生银行,借记卡,19,LocalDB
623108,SJBANK,盛京银行,借记卡,16,LocalDB
623109,TJBHB,天津滨海农村商业银行,借记卡,19,LocalDB
623110,WJRCB,吴江农商银行,借记卡,16,LocalDB
623111,BJBANK,北京银行,借记卡,16,LocalDB
623112,WZCB,温州银行,借记卡,19,LocalDB
623113,GHB,广东华兴银行,借记卡,19,LocalDB
623115,JRCB,江苏江阴农村商业银行,借记卡,16,LocalDB
623116,JNBANK,济宁银行,借记卡,19,LocalDB
623123,ZRCBANK,张家港农村商业银行,借记卡,17,LocalDB
623125,WRCB,无锡农村商业银行,借记卡,16,LocalDB
623126,CMB,招商银行,借记卡,16,LocalDB
623131,JLBANK,吉林银行,借记卡,19,LocalDB
623132,KSRB,昆山农村商业银行,借记卡,19,LocalDB
623133,GXRCU,广西省农村信用社,借记卡,19,LocalDB
623135,YXCCB,玉溪市商业银行,借记卡,19,LocalDB
623136,CMB,招商银行,借记卡,16,LocalDB
623146,JJBANK,九江银行,借记卡,19,LocalDB
623150,CJCCB,苏州长江商业银行,借记卡,16,LocalDB
623151,LYCB,辽阳市商业银行,借记卡,19,LocalDB
623152,BOP,平顶山银行,借记卡,19,LocalDB
623153,WHBANK,乌海银行,借记卡,19,LocalDB
623156,CEB,中国光大银行,借记卡,16,LocalDB
623162,SHRCB,上海农村商业银行,借记卡,19,LocalDB
623163,ICBC,中国工商银行,借记卡,19,LocalDB
623170,QDCCB,青岛银行,借记卡,19,LocalDB
623177,BOYK,营口银行,借记卡,19,LocalDB
623178,SNCCB,遂宁市商业银行,借记卡,19,LocalDB
623179,JSB,晋商银行,借记卡,19,LocalDB
623181,JLRCU,吉林农信,借记卡,19,LocalDB
623182,GSBANK,甘肃银行,借记卡,19,LocalDB
623183,SHBANK,上海银行,借记卡,18,LocalDB
623184,BOC,中国银行,借记卡,19,LocalDB
623185,SHBANK,上海银行,借记卡,18,LocalDB
623188,ASCB,鞍山银行,借记卡,16,LocalDB
623189,CZRCB,常州农村信用联社,借记卡,19,LocalDB
623190,YNRCC,云南省农村信用社,借记卡,19,LocalDB
623197,JINCHB,晋城银行,借记卡,19,LocalDB
623205,JZCBANK,焦作市商业银行,借记卡,19,LocalDB
623206,ABC,中国农业银行,借记卡,19,LocalDB
623207,WHRCB,武汉农村商业银行,借记卡,19,LocalDB
623208,BOC,中国银行,借记卡,19,LocalDB
623211,CCB,中国建设银行,借记卡,19,LocalDB
623218,PSBC,中国邮政储蓄银行,借记卡,19,LocalDB
623220,ARCU,安徽省农村信用社,借记卡,19,LocalDB
623221,GLBANK,桂林银行,借记卡,17,LocalDB
623501,HBRCU,河北省农村信用社,借记卡,19,LocalDB
623513,HANABANK,韩亚银行,借记卡,16,LocalDB
623518,DAQINGB,龙江银行,借记卡,19,LocalDB
623521,BOSZ,苏州银行,借记卡,19,LocalDB
623531,ZZBANK,郑州银行,借记卡,19,LocalDB
623535,ZJTLCB,浙江泰隆商业银行,借记卡,16,LocalDB
623568,BOJZ,锦州银行,借记卡,19,LocalDB
623569,BOC,中国银行,借记卡,19,LocalDB
623570,YDNSCZYH,尧都农商村镇银行,借记卡,19,LocalDB
623571,BOC,中国银行,借记卡,19,LocalDB
623572,BOC,中国银行,借记卡,19,LocalDB
623573,BOC,中国银行,借记卡,19,LocalDB
623575,BOC,中国银行,借记卡,19,LocalDB
623586,BOC,中国银行,借记卡,19,LocalDB
623627,GHB,广东华兴银行,借记卡,19,LocalDB
623644,CCB,中国建设银行,借记卡,19,LocalDB
623660,ZYB,中原银行,借记卡,16,LocalDB
623668,CCB,中国建设银行,借记卡,19,LocalDB
623669,CCB,中国建设银行,借记卡,19,LocalDB
623683,CMBC,中国民生银行,借记卡,16,LocalDB
623698,PSBC,中国邮政储蓄银行,借记卡,19,LocalDB
623699,PSBC,中国邮政储蓄银行,借记卡,19,LocalDB
625001,TZCB,台州银行,准贷记卡,16,LocalDB
625008,CHB,创兴银行有限公司,信用卡,16,LocalDB
625009,CHB,创兴银行有限公司,信用卡,16,LocalDB
625014,BCDMMA,澳门商业银行,信用卡,16,LocalDB
625016,BCDMMA,澳门商业银行,信用卡,16,LocalDB
625024,HSB,恒生银行,信用卡,16,LocalDB
625025,HANABANK,韩亚银行,信用卡,16,LocalDB
625026,HSB,恒生银行,信用卡,16,LocalDB
625028,COMMHK,交通银行香港分行,信用卡,16,LocalDB
625034,HSBC,汇丰银行（中国）,信用卡,16,LocalDB
625040,BOC,中国银行,信用卡,16,LocalDB
625044,NCB,江西银行,信用卡,16,LocalDB
625046,NCB,江西银行,信用卡,16,LocalDB
625048,CYBC,集友银行,信用卡,16,LocalDB
625050,GCB,广州银行,信用卡,16,LocalDB
625053,CYBC,集友银行,信用卡,16,LocalDB
625055,BOC,中国银行,信用卡,16,LocalDB
625058,NCB,江西银行,信用卡,16,LocalDB
625060,CYBC,集友银行,信用卡,16,LocalDB
625062,WLBHK,永隆银行,信用卡,16,LocalDB
625063,WLBHK,永隆银行,信用卡,16,LocalDB
625071,GDB,广东发展银行,信用卡,16,LocalDB
625072,GDB,广东发展银行,信用卡,16,LocalDB
625073,GDB,广东发展银行,信用卡,16,LocalDB
625080,GRCB,广州农商银行,信用卡,16,LocalDB
625082,CIB,兴业银行,信用卡,16,LocalDB
625083,CIB,兴业银行,信用卡,16,LocalDB
625084,CIB,兴业银行,信用卡,16,LocalDB
625085,CIB,兴业银行,信用卡,16,LocalDB
625086,CIB,兴业银行,信用卡,16,LocalDB
625087,CIB,兴业银行,信用卡,16,LocalDB
625088,SDEB,顺德农商银行,信用卡,16,LocalDB
625090,DAQINGB,龙江银行,信用卡,16,LocalDB
625099,SHBANK,上海银行,信用卡,16,LocalDB
625101,CSRCB,常熟农商银行,信用卡,16,LocalDB
625102,HSBC,汇丰银行（中国）,信用卡,16,LocalDB
625107,SHCBHK,上海商业银行（香港）,信用卡,16,LocalDB
625141,BOC,中国银行,信用卡,16,LocalDB
625143,BOC,中国银行,信用卡,16,LocalDB
625158,YDRCB,尧都农商行,信用卡,16,LocalDB
625165,CSRCB,常熟农商银行,信用卡,16,LocalDB
62519321,CEB,中国光大银行,信用卡,16,LocalDB
62519323,ZBCB,齐商银行,信用卡,16,LocalDB
62519325,GDRCC,广东省农村信用社联合社,信用卡,16,LocalDB
62519326,FBBANK,富邦华一银行,信用卡,16,LocalDB
62519327,GDRCC,广东省农村信用社联合社,信用卡,16,LocalDB
62519329,GDRCC,广东省农村信用社联合社,信用卡,16,LocalDB
625196,TFB,大丰银行有限公司,信用卡,16,LocalDB
625198,TFB,大丰银行有限公司,信用卡,16,LocalDB
625247,ICBC,中国工商银行,信用卡,16,LocalDB
625249,ICBC,中国工商银行,信用卡,16,LocalDB
625288,DRCBCL,东莞农村商业银行,信用卡,16,LocalDB
625336,ABC,中国农业银行,信用卡,16,LocalDB
625337,BOC,中国银行,信用卡,16,LocalDB
625339,CEB,中国光大银行,信用卡,16,LocalDB
625360,SPABANK,平安银行,信用卡,16,LocalDB
625361,SPABANK,平安银行,信用卡,16,LocalDB
625362,CCB,中国建设银行,信用卡,16,LocalDB
625363,CCB,中国建设银行,信用卡,16,LocalDB
625365,XABANK,西安银行,信用卡,16,LocalDB
625367,PSBC,中国邮政储蓄银行,信用卡,16,LocalDB
625368,PSBC,中国邮政储蓄银行,信用卡,16,LocalDB
625369,GLBANK,桂林银行,信用卡,16,LocalDB
625500,SHRCB,上海农村商业银行,信用卡,16,LocalDB
625516,CDRCB,成都农商银行,准贷记卡,16,LocalDB
625519,HNRCC,湖南省农村信用社,借记卡,16,LocalDB
625529,NXBANK,宁夏银行,信用卡,16,LocalDB
625577,HRBANK,哈尔滨银行,信用卡,16,LocalDB
625588,DAQINGB,龙江银行,信用卡,16,LocalDB
625603,PSBC,中国邮政储蓄银行,信用卡,16,LocalDB
625808,GDB,广东发展银行,信用卡,16,LocalDB
625809,GDB,广东发展银行,信用卡,16,LocalDB
625810,GDB,广东发展银行,信用卡,16,LocalDB
625811,SJBANK,盛京银行,信用卡,16,LocalDB
625826,ABC,中国农业银行,信用卡,16,LocalDB
625827,ABC,中国农业银行,信用卡,16,LocalDB
625858,ICBC,中国工商银行,信用卡,16,LocalDB
625859,ICBC,中国工商银行,信用卡,16,LocalDB
625901,CSCB,长沙银行,信用卡,16,LocalDB
625902,JSBANK,江苏银行,信用卡,16,LocalDB
625905,BOC,中国银行,信用卡,16,LocalDB
625906,BOC,中国银行,信用卡,16,LocalDB
625907,BOC,中国银行,信用卡,16,LocalDB
625908,BOC,中国银行,信用卡,16,LocalDB
625909,BOC,中国银行,信用卡,16,LocalDB
625910,BOC,中国银行,信用卡,16,LocalDB
625911,CMBC,中国民生银行,信用卡,16,LocalDB
625912,CMBC,中国民生银行,信用卡,16,LocalDB
625913,CMBC,中国民生银行,信用卡,16,LocalDB
625915,ICBC,中国工商银行,信用卡,16,LocalDB
625916,ICBC,中国工商银行,信用卡,16,LocalDB
625917,ICBC,中国工商银行,信用卡,16,LocalDB
625919,PSBC,中国邮政储蓄银行,信用卡,16,LocalDB
625950,BSB,包商银行,信用卡,16,LocalDB
625955,CCB,中国建设银行,借记卡,16,LocalDB
625956,CCB,中国建设银行,借记卡,16,LocalDB
625957,SPDB,上海浦东发展银行,信用卡,16,LocalDB
625958,SPDB,上海浦东发展银行,信用卡,16,LocalDB
625959,BOQH,青海银行,信用卡,16,LocalDB
625960,CIB,兴业银行,信用卡,16,LocalDB
625961,CIB,兴业银行,信用卡,16,LocalDB
625962,CIB,兴业银行,信用卡,16,LocalDB
625963,CIB,兴业银行,信用卡,16,LocalDB
625964,CCB,中国建设银行,信用卡,16,LocalDB
625965,CCB,中国建设银行,信用卡,16,LocalDB
625966,CCB,中国建设银行,信用卡,16,LocalDB
625967,HXBANK,华夏银行,信用卡,16,LocalDB
625968,HXBANK,华夏银行,信用卡,16,LocalDB
625969,HXBANK,华夏银行,信用卡,16,LocalDB
625970,SPDB,上海浦东发展银行,信用卡,16,LocalDB
625971,SPDB,上海浦东发展银行,信用卡,16,LocalDB
625975,CEB,中国光大银行,信用卡,16,LocalDB
625976,CEB,中国光大银行,信用卡,16,LocalDB
625977,CEB,中国光大银行,信用卡,16,LocalDB
625978,CEB,中国光大银行,信用卡,16,LocalDB
625979,CEB,中国光大银行,信用卡,16,LocalDB
625980,CEB,中国光大银行,信用卡,16,LocalDB
625981,CEB,中国光大银行,信用卡,16,LocalDB
625993,SPDB,上海浦东发展银行,信用卡,16,LocalDB
625996,ABC,中国农业银行,信用卡,16,LocalDB
625997,ABC,中国农业银行,信用卡,16,LocalDB
625998,ABC,中国农业银行,信用卡,16,LocalDB
627066,SPABANK,平安银行,信用卡,16,LocalDB
627067,SPABANK,平安银行,信用卡,16,LocalDB
627068,SPABANK,平安银行,信用卡,16,LocalDB
627069,SPABANK,平安银行,信用卡,16,LocalDB
628200,HKB,汉口银行,信用卡,16,LocalDB
628201,CEB,中国光大银行,信用卡,16,LocalDB
628202,CEB,中国光大银行,信用卡,16,LocalDB
628203,BJBANK,北京银行,信用卡,16,LocalDB
628204,JHBANK,金华银行,信用卡,16,LocalDB
628205,TCCB,天津银行,信用卡,16,LocalDB
628206,CITIC,中信银行,信用卡,16,LocalDB
628207,NBBANK,宁波银行,信用卡,16,LocalDB
628208,CITIC,中信银行,信用卡,16,LocalDB
628209,CITIC,中信银行,信用卡,16,LocalDB
628210,JSBANK,江苏银行,信用卡,16,LocalDB
628211,SHRCB,上海农村商业银行,信用卡,16,LocalDB
628212,CIB,兴业银行,信用卡,16,LocalDB
628213,GYCB,贵阳市商业银行,信用卡,16,LocalDB
628214,NXBANK,宁夏银行,信用卡,16,LocalDB
628217,DYCCB,东营市商业银行,信用卡,16,LocalDB
628219,GLBANK,桂林银行,信用卡,16,LocalDB
628220,CQBANK,重庆银行,信用卡,16,LocalDB
628221,SPDB,上海浦东发展银行,信用卡,16,LocalDB
628222,SPDB,上海浦东发展银行,信用卡,16,LocalDB
628223,SRBANK,上饶银行,信用卡,16,LocalDB
628224,HRBANK,哈尔滨银行,信用卡,16,LocalDB
628226,JSRCU,江苏省农村信用联合社,信用卡,16,LocalDB
628227,BGB,广西北部湾银行,信用卡,16,LocalDB
628228,CDCB,成都银行,信用卡,16,LocalDB
628229,CDB,国家开发银行,信用卡,16,LocalDB
628230,SHBANK,上海银行,信用卡,16,LocalDB
628231,FDB,富滇银行,信用卡,16,LocalDB
628232,FJNX,福建省农村信用社联合社,信用卡,16,LocalDB
628233,GZB,赣州银行,信用卡,16,LocalDB
628234,WHCCB,威海市商业银行,信用卡,16,LocalDB
628236,HZCB,杭州银行,信用卡,16,LocalDB
628238,JJBANK,九江银行,信用卡,16,LocalDB
628239,QDCCB,青岛银行,信用卡,16,LocalDB
628242,NJCB,南京银行,信用卡,16,LocalDB
628248,WJRCB,吴江农商银行,信用卡,16,LocalDB
628250,CZCB,浙江稠州商业银行,信用卡,16,LocalDB
628251,HSBANK,徽商银行,信用卡,16,LocalDB
628252,H3CB,内蒙古银行,信用卡,16,LocalDB
628253,ORBANK,鄂尔多斯银行,信用卡,16,LocalDB
628255,WZCB,温州银行,信用卡,16,LocalDB
628257,RZB,日照银行,信用卡,16,LocalDB
628258,CMBC,中国民生银行,信用卡,16,LocalDB
628259,GDB,广东发展银行,信用卡,16,LocalDB
628260,GDB,广东发展银行,信用卡,16,LocalDB
628261,BOJZ,锦州银行,信用卡,16,LocalDB
628262,CMB,招商银行,信用卡,16,LocalDB
628263,LZYH,兰州银行,信用卡,16,LocalDB
628267,CRCBANK,重庆农村商业银行,信用卡,16,LocalDB
628268,ABC,中国农业银行,信用卡,16,LocalDB
628269,ABC,中国农业银行,信用卡,16,LocalDB
628271,ZYB,中原银行,信用卡,16,LocalDB
628272,CSRCB,常熟农商银行,信用卡,16,LocalDB
628279,LSBANK,莱商银行,信用卡,16,LocalDB
628280,ZJNX,浙江省农村信用社联合社,信用卡,16,LocalDB
628281,CSCB,长沙银行,信用卡,16,LocalDB
628282,CSCB,长沙银行,信用卡,16,LocalDB
628283,CSCB,长沙银行,信用卡,16,LocalDB
628285,SJBANK,盛京银行,信用卡,16,LocalDB
628286,ICBC,中国工商银行,信用卡,16,LocalDB
628287,BOQH,青海银行,信用卡,16,LocalDB
628288,ICBC,中国工商银行,信用卡,16,LocalDB
628299,DLB,大连银行,信用卡,16,LocalDB
628300,NBYZ,鄞州银行,信用卡,16,LocalDB
628301,TRCB,天津农商银行,信用卡,16,LocalDB
628305,NCB,江西银行,信用卡,16,LocalDB
628306,HZCCB,湖州市商业银行,信用卡,16,LocalDB
628307,YNRCC,云南省农村信用社,信用卡,16,LocalDB
628308,CDRCB,成都农商银行,信用卡,16,LocalDB
628310,PSBC,中国邮政储蓄银行,信用卡,16,LocalDB
628311,ZBCB,齐商银行,信用卡,16,LocalDB
628312,BOC,中国银行,信用卡,16,LocalDB
628317,CCB,中国建设银行,信用卡,16,LocalDB
628318,HXBANK,华夏银行,信用卡,16,LocalDB
628321,BHB,河北银行,信用卡,16,LocalDB
628322,SDEB,顺德农商银行,信用卡,16,LocalDB
628333,DAQINGB,龙江银行,信用卡,16,LocalDB
628359,LSBC,临商银行,信用卡,16,LocalDB
628362,CMB,招商银行,信用卡,16,LocalDB
628366,CCB,中国建设银行,信用卡,16,LocalDB
628367,GCB,广州银行,信用卡,16,LocalDB
628368,DAQINGB,龙江银行,信用卡,16,LocalDB
628369,WRCB,无锡农村商业银行,信用卡,16,LocalDB
628370,CITIC,中信银行,信用卡,16,LocalDB
628371,CITIC,中信银行,信用卡,16,LocalDB
628372,CITIC,中信银行,信用卡,16,LocalDB
628379,QLBANK,齐鲁银行,信用卡,16,LocalDB
628381,JRCB,江苏江阴农村商业银行,信用卡,16,LocalDB
628382,YDRCB,尧都农商行,信用卡,16,LocalDB
628386,SLH,湖南农村信用社联合社,信用卡,16,LocalDB
628391,BANKWF,潍坊银行,信用卡,16,LocalDB
628397,DZBANK,德州银行,信用卡,16,LocalDB
683970,BOQZ,泉州银行,借记卡,18,LocalDB
6886592,XMCCB,厦门市商业银行,借记卡,18,LocalDB
690755,CMB,招商银行,借记卡,18,LocalDB
694301,CSCB,长沙银行,借记卡,18,LocalDB
69580,JSBANK,江苏银行,借记卡,18,LocalDB
84301,SPDB,上海浦东发展银行,借记卡,16,LocalDB
84336,SPDB,上海浦东发展银行,借记卡,16,LocalDB
84342,SPDB,上海浦东发展银行,借记卡,16,LocalDB
84361,SPDB,上海浦东发展银行,借记卡,16,LocalDB
84373,SPDB,上海浦东发展银行,借记卡,16,LocalDB
84380,SPDB,上海浦东发展银行,借记卡,16,LocalDB
84385,SPDB,上海浦东发展银行,借记卡,16,LocalDB
84390,SPDB,上海浦东发展银行,借记卡,16,LocalDB
87000,SPDB,上海浦东发展银行,借记卡,16,LocalDB
87010,SPDB,上海浦东发展银行,借记卡,16,LocalDB
87030,SPDB,上海浦东发展银行,借记卡,16,LocalDB
87040,SPDB,上海浦东发展银行,借记卡,16,LocalDB
87050,SPDB,上海浦东发展银行,借记卡,16,LocalDB
900000,ICBC,中国工商银行,借记卡,19,LocalDB
900003,CMBC,中国民生银行,借记卡,16,LocalDB
900010,ICBC,中国工商银行,借记卡,19,LocalDB
900105,SDRCU,山东省农村信用社,借记卡,16,LocalDB
900205,SDRCU,山东省农村信用社,借记卡,16,LocalDB
90030,CEB,中国光大银行,借记卡,16,LocalDB
90592,CIB,兴业银行,借记卡,16,LocalDB
909810,GZRCU,贵州省农村信用社,借记卡,18,LocalDB
9111,GDB,广东发展银行,借记卡,19,LocalDB
920000,CEP,中银通商务支付有限公司,借记卡,16,LocalDB
921000,CEP,中银通商务支付有限公司,预付卡,19,LocalDB
940001,URMQCCB,乌鲁木齐市商业银行,借记卡,19,LocalDB
940002,ASCB,鞍山银行,借记卡,16,LocalDB
940003,BOJZ,锦州银行,借记卡,17,LocalDB
940006,NCB,江西银行,借记卡,17,LocalDB
940008,QLBANK,齐鲁银行,借记卡,19,LocalDB
940012,JLBANK,吉林银行,借记卡,16,LocalDB
940013,SHRCB,上海农村商业银行,借记卡,16,LocalDB
940015,TCCB,天津银行,借记卡,18,LocalDB
940016,GCB,广州银行,借记卡,19,LocalDB
940017,NTCCB,南通商业银行,借记卡,18,LocalDB
940018,CQBANK,重庆银行,借记卡,16,LocalDB
940020,CRCBANK,重庆农村商业银行,借记卡,16,LocalDB
940021,SHBANK,上海银行,借记卡,18,LocalDB
940022,NBBANK,宁波银行,借记卡,16,LocalDB
940023,XMBANK,厦门银行,借记卡,16,LocalDB
940025,ZJCCB,镇江市商业银行,借记卡,16,LocalDB
940027,CDCB,成都银行,借记卡,19,LocalDB
940029,KSRCB,昆山农信社,借记卡,19,LocalDB
940030,CSRCB,常熟农商银行,借记卡,19,LocalDB
940031,JSB,晋商银行,借记卡,17,LocalDB
940032,HBC,湖北银行,借记卡,16,LocalDB
940034,EGBANK,恒丰银行,借记卡,17,LocalDB
940035,GZRCU,贵州省农村信用社,借记卡,18,LocalDB
940037,NHB,南海农商银行,借记卡,18,LocalDB
940038,SDEB,顺德农商银行,借记卡,16,LocalDB
940039,SJBANK,盛京银行,借记卡,16,LocalDB
940040,LZYH,兰州银行,借记卡,16,LocalDB
940041,BOL,洛阳银行,借记卡,17,LocalDB
940042,KMRCU,昆明农村信用联合社,借记卡,18,LocalDB
940043,LYCB,辽阳市商业银行,借记卡,17,LocalDB
940044,WHRCB,武汉农村商业银行,借记卡,17,LocalDB
940046,BHB,河北银行,借记卡,19,LocalDB
94004602,QHDCCB,秦皇岛市商业银行,借记卡,19,LocalDB
94004604,BOCZ,沧州银行,借记卡,19,LocalDB
940047,JLBANK,吉林银行,借记卡,16,LocalDB
940048,ZHCCB,珠海华润银行股份有限公司,借记卡,19,LocalDB
940049,HRBANK,哈尔滨银行,借记卡,18,LocalDB
940050,BOD,东莞银行,借记卡,16,LocalDB
940051,JHBANK,金华银行,借记卡,16,LocalDB
940053,FSCCB,抚顺银行股份有限公司,借记卡,18,LocalDB
940054,HLDCCB,葫芦岛市商业银行,借记卡,16,LocalDB
940055,HBC,湖北银行,借记卡,17,LocalDB
940056,ZZCCB,郑州商业银行,借记卡,17,LocalDB
940057,ZBCB,齐商银行,借记卡,17,LocalDB
940058,JRCB,江苏江阴农村商业银行,借记卡,16,LocalDB
940060,BODD,丹东银行,借记卡,16,LocalDB
940061,QDCCB,青岛银行,借记卡,16,LocalDB
940062,DRCBCL,东莞农村商业银行,借记卡,19,LocalDB
940063,ZRCBANK,张家港农村商业银行,借记卡,17,LocalDB
940065,RZCCB,日照银行,借记卡,19,LocalDB
940066,LSB,临商银行,借记卡,19,LocalDB
940068,BOQH,青海银行,借记卡,17,LocalDB
940069,TZCB,台州银行,借记卡,17,LocalDB
940070,YCCCB,盐城商行,借记卡,16,LocalDB
940071,CSCB,长沙银行,借记卡,19,LocalDB
940072,BANKWF,潍坊银行,借记卡,16,LocalDB
940073,GZB,赣州银行,借记卡,19,LocalDB
940074,BOQZ,泉州银行,借记卡,18,LocalDB
940076,JSBANK,江苏银行,借记卡,16,LocalDB
955100,PSBC,中国邮政储蓄银行,借记卡,19,LocalDB
95555,CMB,招商银行,借记卡,16,LocalDB
955590,COMM,交通银行,信用卡,16,LocalDB
955591,COMM,交通银行,信用卡,16,LocalDB
955592,COMM,交通银行,信用卡,16,LocalDB
955593,COMM,交通银行,信用卡,16,LocalDB
9558,ICBC,中国工商银行,借记卡,19,LocalDB
95588,ICBC,中国工商银行,借记卡,19,LocalDB
95595,ABC,中国农业银行,借记卡,19,LocalDB
95596,ABC,中国农业银行,借记卡,19,LocalDB
95597,ABC,中国农业银行,借记卡,19,LocalDB
95598,ABC,中国农业银行,借记卡,19,LocalDB
95599,ABC,中国农业银行,借记卡,19,LocalDB
966666,CIB,兴业银行,借记卡,18,LocalDB
96828,ZZCCB,郑州商业银行,借记卡,16,LocalDB
968807,CITIC,中信银行,借记卡,16,LocalDB
968808,CITIC,中信银行,借记卡,16,LocalDB
968809,CITIC,中信银行,借记卡,16,LocalDB
984301,SPDB,上海浦东发展银行,借记卡,16,LocalDB
984303,SPDB,上海浦东发展银行,借记卡,16,LocalDB
985262,SDEB,顺德农商银行,借记卡,16,LocalDB
9896,CQBANK,重庆银行,借记卡,16,LocalDB
990871,FDB,富滇银行,借记卡,18,LocalDB
998800,SPABANK,平安银行,借记卡,16,LocalDB
998801,SPABANK,平安银行,信用卡,16,LocalDB
998802,SPABANK,平安银行,信用卡,16,LocalDB
999999,HXBANK,华夏银行,借记卡,16,LocalDB
